id	category	file	source_from_dungeon_village_1	observation_utc	observation_asia_shanghai	width	height	bytes	sha256	actual_format
S052	menu	menu/S052-save-selection.jpg	work/window-restore-observation/20261007-120056-business-reload-p/evidence/A-03-slot-selection.png	2026-10-07T04:07:02.169Z	2026-10-07T12:07:02.169+08:00	1422	960	266605	108357676413016940c258fdf7c18aace68c1ff96078108f21ebc143ecaf31c9	JPEG/JFIF
S053	scene	scene/S053-loaded-world.jpg	work/window-restore-observation/20261007-120056-business-reload-p/evidence/A-05-loaded-first-world.png	2026-10-07T04:08:28.868Z	2026-10-07T12:08:28.868+08:00	1422	960	400671	313a03742bd23ee8fbadee7805b3fbb08c603f3d7c08004939a6e55d65d3cb1d	JPEG/JFIF
S054	facilities	facilities/S054-loaded-coffee-details.jpg	work/window-restore-observation/20261007-120056-business-reload-p/evidence/A-06-coffee-details.png	2026-10-07T04:09:08.664Z	2026-10-07T12:09:08.664+08:00	1422	960	322554	7c502b2beb6e13fe92a22971d97cd086ec465a5b7389137bb5802927c59897cb	JPEG/JFIF
S055	items	items/S055-loaded-item-stock.jpg	work/window-restore-observation/20261007-120056-business-reload-p/evidence/A-07-item-stock.png	2026-10-07T04:10:07.782Z	2026-10-07T12:10:07.782+08:00	1422	960	291457	7371b84aaff49fcfab4f23151bcf7c921bf3a878213772a717470cf7961aed8f	JPEG/JFIF
S056	menu	menu/S056-reload-save-complete.jpg	work/window-restore-observation/20261007-120056-business-reload-p/evidence/A-10-after-reload-save.png	2026-10-07T04:12:22.922Z	2026-10-07T12:12:22.922+08:00	1422	960	330399	8786e4e3164418cb24cd9e3009c6c8d38882446137a16d1a27bc759f5024e253	JPEG/JFIF
S057	construction	construction/S057-equipment-catalog.jpg	work/window-restore-observation/20261007-120056-business-reload-p/evidence/B-05-removal-selection.png	2026-10-07T04:17:05.976Z	2026-10-07T12:17:05.976+08:00	1422	960	344663	df9779113afe490700086193ae073115b6a77f0a7e2a10256a31ecc9b46f29ff	JPEG/JFIF
S058	construction	construction/S058-removal-before.jpg	work/window-restore-observation/20261007-120056-business-reload-p/evidence/B-08-flower-target.png	2026-10-07T04:20:51.832Z	2026-10-07T12:20:51.832+08:00	1422	960	446736	7d2d48661a8e9cdc70512197e6999e2f5124564b3c489bd9e68fa41a26478eda	JPEG/JFIF
S059	construction	construction/S059-removal-after-edit.jpg	work/window-restore-observation/20261007-120056-business-reload-p/evidence/B-09-removal-confirmation.png	2026-10-07T04:21:58.742Z	2026-10-07T12:21:58.742+08:00	1422	960	444839	29bff5d08327ca4651fc3f0f7a6b837f5c84c8a06c2c0742730b9982df36bfd5	JPEG/JFIF
S060	scene	scene/S060-removal-return-world.jpg	work/window-restore-observation/20261007-120056-business-reload-p/evidence/B-10-after-removal-map.png	2026-10-07T04:22:50.767Z	2026-10-07T12:22:50.767+08:00	1422	960	445333	8a748f98c721a83f00104173f280bb2e255e98caf0ef58dee6542690f0ff4b0c	JPEG/JFIF
S061	menu	menu/S061-removal-save-complete.jpg	work/window-restore-observation/20261007-120056-business-reload-p/evidence/B-11-removal-save.png	2026-10-07T04:23:43.167Z	2026-10-07T12:23:43.167+08:00	1422	960	353444	f3a095321647c247fca2698a88ba8b7807378d485eb725dcb4296b6ecc942680	JPEG/JFIF
