logical_key	source_archive	source_entry	source_sha256	normalized_path	width	height	frame	anchor	transform
	common.dat	arrow00.png	a12e814fd46144ef66f1a1b758496e9898ead652c537655219ddbdd2565ed0f1		16	12			原始提取文件，未转换
	common.dat	arrow00.seb	3a1b110d120b38a8ade97372e6b6b5153da124bd416f9ea492188a0e60573da6						原始提取文件，未转换
	common.dat	arrow01.png	864fcf16e52634142f776b6245f0964ad12a21d901a4af7308aa6ee939f1ca65		14	5			原始提取文件，未转换
	common.dat	arrow01.seb	15036548a2810b4e8b0b3837d7bf6e49876c4419084efdd5b37f13f1c87f80f8						原始提取文件，未转换
	common.dat	arrow02.png	b4463ecc521607a299e809ef9926aa1b8f63f43f023055f249158586b2b7fe4c		16	8			原始提取文件，未转换
	common.dat	arrow02.seb	ae9d5f75696a001cdadb3d579de0fc4902e0689cb5e2a4fe6ef1ccd22ac574c9						原始提取文件，未转换
	common.dat	arrow03.png	2cc6e2df0ecc178af05c0f2a65d71976c499d574ad1420893fec59508acb246c		12	10			原始提取文件，未转换
	common.dat	arrow03.seb	33a6c69c50a15a07410430826e54ef9ad2e0fd558b134bf127de11f377b01ccc						原始提取文件，未转换
	common.dat	asEventImg.png	6b0c6c02267be8717d465d461770f445bc550217c858b0311d1b0a45d16e00a2		160	220			原始提取文件，未转换
	common.dat	asEventImg_back.png	2f6098cb91bf0748715786ac6147e38ca5be4d9019a40337e38230b3b4a4e732		80	78			原始提取文件，未转换
	common.dat	bar_middleWindow.png	82ba5a8f0325851d41177a50f690e05c0a934835da0e21751c01967a83f39b4e		134	52			原始提取文件，未转换
	common.dat	btmbar.png	f04418f282444774a3922e5176a64ed5e67e553ec83c9563dbb8550a708737df		240	22			原始提取文件，未转换
	common.dat	btmbar_popular00.png	72231c6608d2d4885cbb6de9f8bacb0c1fdc6a8f66b109510a489e4c96b2a3e1		78	41			原始提取文件，未转换
	common.dat	btmbar_popular01.png	c5af199f0dc8307128cac2a3026f9a849e4e34b6f5996ec351c70fd528be872a		77	14			原始提取文件，未转换
	common.dat	buildAnime00.png	d431c91fdfbd170866b9a4a7d9cdd2056dadfdd4cae23f8ecd2b3bdf6f1cd949		60	41			原始提取文件，未转换
	common.dat	buildAnime00.seb	ee642f722c344c3a426348c07c4289260d4f5c31608d4be81f9901f1c6c7f110						原始提取文件，未转换
	common.dat	buildAnime01.png	34114f935ab545f2a79fc04f1e5982980431afc5915eb7b4aa1ce1d41fba2738		60	47			原始提取文件，未转换
	common.dat	buildAnime01.seb	c87e7ca9a8f2027ea0b780a55b8b1e41cedf1d46bfef1fe785e864846b5d393a						原始提取文件，未转换
	common.dat	buildAnime02.png	43212697f20e513bd890ef478f9c30adc1e9b0ac8fe6e5ab07b2e0ae6f4891cc		60	55			原始提取文件，未转换
	common.dat	buildAnime02.seb	3c27c64e1f78f8b25992b0a01e999d1bbbfacc00496a1d053436cc65681a1ab2						原始提取文件，未转换
	common.dat	buildAnime_chara.png	1b0d515d233050ef4d725cc02b85e34beb1a27bda10acc5d5ce25b5d42772395		99	58			原始提取文件，未转换
	common.dat	buildAnime_chara.seb	0553c6470c85425509d9d0359b3fcd99ffd11008846341325a191fe1416e26cb						原始提取文件，未转换
	common.dat	charaEventMark.png	d4486acce92251b3747fc7a71562b434da78b78e47bee0e1f9622755ef1390b1		20	18			原始提取文件，未转换
	common.dat	charaEventMark.seb	b8878e40f2cb23f0da471157b25228144458de1f8a16598d1ab32ce1c0ffd47f						原始提取文件，未转换
	common.dat	chara_award.png	1b45b28fa002eafcd955e6cfb133fb3e99818f3d127885f8d6fa8fc8ecd120dc		87	44			原始提取文件，未转换
	common.dat	chara_award.seb	6cc161846ec153ab6c84753364f9fb2d2dfa930a407d0ab8d211ea2e91ce1938						原始提取文件，未转换
	common.dat	chara_award01.png	ddb9302b282104429d185a1e1688dede4d8e8854e65e23a6f657bcccb275b715		34	27			原始提取文件，未转换
	common.dat	chara_award01.seb	c91ba88c3bd86284e4ecda974373b320ab7dc4af442927157a238422bedab218						原始提取文件，未转换
	common.dat	chara_hisho.seb	a67b143fa460e36e0cc6aeb869d0ecb3bdd87f02cf9f6f268179f2e0cdf65a82						原始提取文件，未转换
	common.dat	chara_hishoko.png	d5aa8408c0fb3d2d08ec3dcfbddcf9b40e7b11e01745c74366663e4ba2727153		75	44			原始提取文件，未转换
	common.dat	chara_hishoko01.png	06fa65b4c43eaad30f890bd162925e93ff54dc20c0da9b2fc811f9484791edd1		34	27			原始提取文件，未转换
	common.dat	chara_hishoko01.seb	8519bbb27232aded46706459d1e40a92d1f726092222e2ef0341749c17d30ac9						原始提取文件，未转换
	common.dat	chara_mini.png	6ee40331a580e73930c5dff5c49e5743fba4ac6a48bb616371e5bf43c0f90cab		53	53			原始提取文件，未转换
	common.dat	chara_mini.seb	ec4f33683dd0e45a082221489f56ebfe0a6e39fcedc4e2c8b05460c2010c5969						原始提取文件，未转换
	common.dat	chara_president.png	a339413720c507679501ff05fc560724a588569b9627c288927244984822e543		75	44			原始提取文件，未转换
	common.dat	chara_president.seb	cc62ef04c7db627893a4083fc451973119ff80dfe0a0708fcbbaba662e4b586d						原始提取文件，未转换
	common.dat	chara_presidentCurry.png	533809071d49f20a56d612c6dd6f519b8b781ae8aa94ebc7cdd8f24184744b50		42	14			原始提取文件，未转换
	common.dat	chara_presidentCurry.seb	4009019264827e08475514e9aef8094e307961efb1753bd4741f53c71e9b5470						原始提取文件，未转换
	common.dat	chara_pumpkin.png	6b38ae4bac1220af8f6d2176cbe55dbf17b47d04108c136a010e8b9f5ede4f1f		36	28			原始提取文件，未转换
	common.dat	chara_pumpkin.seb	8a6fe7245b6e373eb770cd9d5c4b4a21c2708ae7a1ac66e37c41aff3d01fe509						原始提取文件，未转换
	common.dat	cursor.png	57acf0a575e575068c8a378336003789039de92fb8a44e61ad986ce89bd56401		12	18			原始提取文件，未转换
	common.dat	cursor_arrow.seb	cf4f66c47651cc60d1500962edd6ea087c948394cc69bdc717b86194faf8e9a5						原始提取文件，未转换
	common.dat	cursor_no.png	0c4535b71cce4714bfe5dad7ad031222d71f4717ecda541d63d0a791a0fa38b4		22	22			原始提取文件，未转换
	common.dat	cursor_rect00.png	3d9c82d5e71077755699c7ab61d202718c775c845ceae7cc8e86aa11d67747ea		120	29			原始提取文件，未转换
	common.dat	cursor_rect00.seb	5511bdc5d53eabb960418562248bbbcde859cf1087f434c9f3ff5c5293ca72d3						原始提取文件，未转换
	common.dat	cursor_rect01.png	209cd882453085090402344a1fbe95eaa555dabca649e282d1f787908370e8eb		56	29			原始提取文件，未转换
	common.dat	cursor_rect01.seb	e74b06e7cdaf9d8c84a24bf0fbd89fd319f7047a0a15cfd435ade0a7284ccb68						原始提取文件，未转换
	common.dat	cursor_rect02.png	63f9e907edb41330320a76506cb48c7f0da3945f419e63c4b3d76652546074c1		95	31			原始提取文件，未转换
	common.dat	cursor_rect02.seb	2b32188faf634464be518a310835f18743709a0cbbd73c3d428343996c97a575						原始提取文件，未转换
	common.dat	cursor_rect03.png	7e4ac70aa175ffd93568b05eb1e0e711a14352202234bf00288630158a8a9604		56	16			原始提取文件，未转换
	common.dat	cursor_rect03.seb	6e1bc2ff663f39a7a2a9157f8494b52129e939d2331799a16a6975885edb0d19						原始提取文件，未转换
	common.dat	destruct00.png	4518392887c9fe78a37a16527b5291f122db63e331988bbdaa1373a6ac456b18		60	29			原始提取文件，未转换
	common.dat	destruct00.seb	5529c33a46844faffdf80d1de01c2d083675aa17f4d1a7f44a62a6e9130bd044						原始提取文件，未转换
	common.dat	develWeapon01.seb	b94afa3161a64472cb880a4562587749fef642634ed86ea1d8328ef9f42d3171						原始提取文件，未转换
	common.dat	door00.png	21539b447bf4c4d622466620185d65519e4da980fec9549196bc9313d18466c8		41	31			原始提取文件，未转换
	common.dat	door00.seb	bd1ffaad78b89a05104d1e09eeaaa3edd2c99f83b47150a9ca878b9df6848554						原始提取文件，未转换
	common.dat	dungeonProgressBarBack.png	91d84f5961fdb0e6801dbdfe9cccaca0bd973582d8315438f8ef429df4da0076		217	108			原始提取文件，未转换
	common.dat	dungeon_bar.png	cb5e3b616a2b81bb6f8bc44d03c46f2a896d991ef3ea55bb5abbb556d6d33933		52	18			原始提取文件，未转换
	common.dat	ef_hit.png	8864f06ade8899d12bd1045a531742879595e4b2f05ffec5564e2e3b49bb8d7d		64	17			原始提取文件，未转换
	common.dat	ef_hit.seb	cc0247f4a3576debc7191ceafdf4ff027c459b0ace918ee4f043b805618dcca9						原始提取文件，未转换
	common.dat	ef_lvUp.png	6736964fef37fde8e39a58c772c4bbd4ea4c4c792fb99355384829f27d106aca		82	15			原始提取文件，未转换
	common.dat	ef_lvUp.seb	5231fa4afd3a252704a5972c67c4a56bcaebb19c5036b29e767fb4775f0424ba						原始提取文件，未转换
	common.dat	ef_pinch.png	4fc83dfdcf9d81a7b8a9dba32f3a9f18651083866f23be0702ab705c68639fde		22	13			原始提取文件，未转换
	common.dat	ef_pinch.seb	fbed488431b4e381849e3e9c758bb9bd0cc76bdb067d172562afebd931d8ca6d						原始提取文件，未转换
	common.dat	ef_putup.png	3c438ed94a3a74f9061edaa1eaf6df86da3a3924ff719c9396a5599cf305b542		60	19			原始提取文件，未转换
	common.dat	ef_putup.seb	68306f9a13f01491ab46a4e8545296d32abd4d5ec42d802e1fb583f376e6b0d4						原始提取文件，未转换
	common.dat	ef_slashLocus.png	39d0403d1ecbfa32915d54828e4b3467a6afa5ce4c2445545464a0643e530526		72	108			原始提取文件，未转换
	common.dat	ef_slashLocus00.seb	d14a1049bc7e9a0496afadfc8dd96fbece9f62a062767a1d0955e411713e771a						原始提取文件，未转换
	common.dat	ef_slashLocus01.seb	902f7360eab210c629ac1a5a9c046ec17cf79ebed3007c2a630907586825c94d						原始提取文件，未转换
	common.dat	ef_slashLocus02.seb	a2b1d2ee8a4fb71876dd35544bfc62ddbe3b2719c46772e6a8d0a1ff3aa590b2						原始提取文件，未转换
	common.dat	ef_slashLocus03.seb	141e5c1292db7cd04b6cc2b5f287f3e5e808940cd268f773bb2e110e45de2f8a						原始提取文件，未转换
	common.dat	eff_coin.png	64809d749638a027339c2fccbf712c937e5744e3de54f5bb9ec3fd8ae5aaa8ae		70	10			原始提取文件，未转换
	common.dat	eff_coin.seb	7a1c24539389ceabb23e875255e5a2344e5616e52a91faccde3a1de350b084d4						原始提取文件，未转换
	common.dat	eff_curtainBack.png	4c2431a815fa2f06d6cbd9464003bac4deba1123214cf3f539353bd2f65b0f88		145	38			原始提取文件，未转换
	common.dat	eff_curtainBack.seb	52e1ea5b45698da4eebaea53d1dda5df912d529b881cb5fea1f11929272cb848						原始提取文件，未转换
	common.dat	eff_dungeonSearch.png	92f42c158a95023591bd6bcd9cbacdd5613720413e83dde59e28e1691c0d0b59		34	18			原始提取文件，未转换
	common.dat	eff_dungeonSearch.seb	8fff68b440c991e7b1c9f0691e290476bc177badfc09ddcdb20c7d16825a83a1						原始提取文件，未转换
	common.dat	eff_equipStock.png	64a74d8d8e2292fb3e812c9faed29abc8cd420f2c51a859190644d1c30a93c76		60	21			原始提取文件，未转换
	common.dat	eff_equipStock.seb	4f7d5cf84cdbea344eea6b53a479488853e438655526420377538887c257cb5a						原始提取文件，未转换
	common.dat	eff_open00.png	87f2796f02c719875af5cac56de6836b3e8060e51291d9bfdac2bc73dc379dce		132	18			原始提取文件，未转换
	common.dat	eff_open00.seb	ad02fa91380449401658cbf4727a152600888194892d73f8de831d129064ac63						原始提取文件，未转换
	common.dat	eff_open01.png	9f9fe584c43f3015af49ebf0674d8358d52cd4893367c5f37bf2c026eacadc9d		108	108			原始提取文件，未转换
	common.dat	eff_open02.png	73135ab9ce2c86edea6cc88f26341497d470e7b6731512a9110147d422d3f166		96	14			原始提取文件，未转换
	common.dat	eff_open02.seb	29a231101719b0a47e546853a65a1619ed8ca443501f550fa5925cbe5db27a7b						原始提取文件，未转换
	common.dat	eff_tenantStren.png	f1f365a04a17ba7cad69794e09e3df5d2eefe7c5bc337ff3b44867e2326b29f7		229	17			原始提取文件，未转换
	common.dat	eff_tenantStren.seb	0d6ebfbc4a7e680aa0eb0ab8fd7a1eccfe605481d8b281c2a09ec250b0c3cc2b						原始提取文件，未转换
	common.dat	eff_tenantUse00.png	3317f8f0ea1d1a35b12a41f45cd664371b8f4446e1508655f444e78166e65da8		124	45			原始提取文件，未转换
	common.dat	eff_tenantUse00.seb	5e27239916059fe3107ef8a33d00c7d3c2cf8b624ccaf2f19792d9723040e807						原始提取文件，未转换
	common.dat	eff_tenantUse01.png	7bfaa9b04248fa6844687a0297b6d0b9a1fce5016b21571d775b1837a8e582cb		68	111			原始提取文件，未转换
	common.dat	eff_tenantUse01.seb	1957239ca855e278968072216fb83eaf271b937a13a08e0ecad8f385124e4cbd						原始提取文件，未转换
	common.dat	eff_tenantUse02.seb	7accedcb5abacc9482ef4a25f0c13138fe316e49fcb6d4d4f131e45b2831f9ee						原始提取文件，未转换
	common.dat	eff_tenantUse04.png	b9d8360ae3d36f32ddaac691e40d27de8f50d5f4504dfe3cc2ebcc07eaa250c2		130	45			原始提取文件，未转换
	common.dat	eff_tenantUse04.seb	c817669d240873629cdd2ee56f0842ea930e56366cc12a9b7bdcfd770391060b						原始提取文件，未转换
	common.dat	fence00.seb	41c6961e85b56fff33ffdfaa4194e3a7816918c2a79157286a314d4e22876ac2						原始提取文件，未转换
	common.dat	fence01.png	5fd1fc988f8838b41ae0c0e7c7a5b52c4c84b50eb9f741cfbc792636c84a11f2		135	124			原始提取文件，未转换
	common.dat	fence010.seb	7a8f65d79ffb672be6176271f312c9783f8df9f5ab19dd9bf3de7cefed401e1c						原始提取文件，未转换
	common.dat	fence011.seb	d1592132d8c39770935de38ae95bc4ec1a8228f48695e2b1800fdb5a1c491535						原始提取文件，未转换
	common.dat	fence012.seb	d292c63d56ad21feb2486e5ddd7c85ecff22de75d8fb34a9908b54c30cbc087e						原始提取文件，未转换
	common.dat	finger_d.png	9576f352b66ac5fc1b93c4dc9106d4d0ac9075930289659495fec7fe4e01e950		9	14			原始提取文件，未转换
	common.dat	finger_d.seb	7bcc80496f7b8063516065873cba57e19658d197a28c223aaad9a6b9f83441b4						原始提取文件，未转换
	common.dat	finger_l.seb	cc783b56533f4cc17e8c0717471e5a0f366d35c0ff560e07e460c9616ded44ef						原始提取文件，未转换
	common.dat	finger_r.png	f427a3b1af4d2c46b35c92b1bcafacc6608aafbb7ea90bf8c3277ed5b7ab7161		16	10			原始提取文件，未转换
	common.dat	finger_r.seb	ae03c24f47c2f1d57ac7c9d1362c03b3380703d8c42821eecde5383a7e017ec8						原始提取文件，未转换
	common.dat	fukidashi.png	1f3df7756205532f1f28a3b3eeae33589908840d9098b54e1d6b7e7f59022f34		240	90			原始提取文件，未转换
	common.dat	fukidashi.seb	9cfab49f5a2cecd37f5ea81e800ffb6590928aed434a09e165bdf2c13efbafc7						原始提取文件，未转换
	common.dat	fukidashi_back.png	b08eb38a0a89b2fb190067e9813b0de781ebad9d6fac31a2eea50017150d895d		72	21			原始提取文件，未转换
	common.dat	fukidashi_back.seb	a469d867d1ed3befd00c30ea2b2493bf0c00e472c1ac5200cb678221aab94a3c						原始提取文件，未转换
	common.dat	fukidashi_back01.png	d713597730d9d907b0c33e68dbfc731a3fd75f8fa1b9177abb1299978060f315		31	21			原始提取文件，未转换
	common.dat	heart00.seb	13dd0d794f128c73cf093eb2febd4a6d8393793b90a9db691610968a6b387e4b						原始提取文件，未转换
	common.dat	hisho_talk.png	9fa7f20ec92bf450213ff1fc5231a4fc3ebc9dd81adf6d6eaa22a6d234ec74dc		176	22			原始提取文件，未转换
	common.dat	icon_accessry00.png	7c2c7c6227c5e10566508d7ef8e62904996ebb5e57e9dd856c8431185cf43895		180	54			原始提取文件，未转换
	common.dat	icon_armour00.png	f2f1ef57a8d8b9a752ea6af020dc73efad9814d69e5dc78f85da487baed798e8		180	90			原始提取文件，未转换
	common.dat	icon_asevent.png	75aed691059151fc4951b1af4fd4cf9265e6ac59931647cf86a4e5ea64ff5bef		112	16			原始提取文件，未转换
	common.dat	icon_back00.png	c80d01870c41132cfd9f96b74d241d1aee412024c059a7db17f7fc379c17df30		144	18			原始提取文件，未转换
	common.dat	icon_magicpot.png	9325e5be2dbacd3c57b792af4de4c3e501a95d2e6b502f50bf14802295342ee8		80	16			原始提取文件，未转换
	common.dat	icon_medal00.png	507d6d1087bf1a0a6816d0227f729bcd0a26d81b32c207cc40f00107b6698630		56	14			原始提取文件，未转换
	common.dat	icon_nico00.png	9302890564b79114c9a3da62c8420c2e886fec8448a375f370db2edc863659f0		70	21			原始提取文件，未转换
	common.dat	icon_nico00.seb	a7765455c805c561fae757e10fd925681e512243104729c0f107706c2293f0a3						原始提取文件，未转换
	common.dat	icon_objRoots.png	de145a5d0491bd26e9584a47205d4ce86c900f23581d6385037e7c8973123253		148	36			原始提取文件，未转换
	common.dat	icon_objRoots.seb	b773e0d98c4eb1c3d8ea4d9f2a90820ccfa0055e8a7c1820963eaa65afe366c7						原始提取文件，未转换
	common.dat	icon_param00.png	4dd4ab45877977306dee487e4c781cb8b8bc4f09844fb51b9a285983afc5c351		112	32			原始提取文件，未转换
	common.dat	icon_param00.seb	129d3c19fb1b551544198c0bc91ea45996146ca5344665f9ef5c0bc064c7c68a						原始提取文件，未转换
	common.dat	icon_quest.png	d03659b6b2f307cd17213da0accf265eee1ef67ed715fe6100884bda06b525f8		32	16			原始提取文件，未转换
	common.dat	icon_result00.png	0ce1af50deb22faa118ed35e31fa9f80fff876eb894579c973a587fa185f7d92		63	48			原始提取文件，未转换
	common.dat	icon_result00.seb	bcfa396f59f9fc26d7d6d1c6c9c1567956c78f32520b4b191c771d761b1569c2						原始提取文件，未转换
	common.dat	icon_season.png	a54a8ca9d3313e44a6fe209455f6de8fb421fff7e27424329446aff9cc719a3e		72	18			原始提取文件，未转换
	common.dat	icon_season.seb	ef52be0e6a17d3f0d82887c6a4e60e822e20ff89fc801c8f5142d514da7a963c						原始提取文件，未转换
	common.dat	icon_star00.png	4d87c02a34a4ffa6bfd3c0f57f0460e040f064a71d3fb4741796fb3d143b6482		25	14			原始提取文件，未转换
	common.dat	icon_star00.seb	4997e9cd21b955367ac924ab27b5dce4408281c102abd4f047e41ebdd77b6691						原始提取文件，未转换
	common.dat	icon_tenantInfo.png	84b281a46d2a82d1c8ed75d7ac36c7a90b804d7b6aeee4291986e060c3db7aeb		112	16			原始提取文件，未转换
	common.dat	icon_weapon00.png	340bfd52e1d0a169657871eee67eaef5ae0f5baf8e660462730d888d2ea30596		180	72			原始提取文件，未转换
	common.dat	icon_weapon00.seb	f7fd9ef62f3a0cdb9ec3e487e8003286b63d123be52be46cdfd59691c9c4b96e						原始提取文件，未转换
	common.dat	img.inf	c6b49d06d6ceb9c356a43e37cb3dc205c7cbe4891db63e4a54cd35302129d6c6						原始提取文件，未转换
	common.dat	magicBall.png	58609ac45b716b5f48baf5308234235543f5239406eeaba1149e85471ca50acc		36	24			原始提取文件，未转换
	common.dat	magicBall.seb	39e141887bec3dff3a23dc1245eed543887754e556e34bd27432d760c6be5c97						原始提取文件，未转换
	common.dat	main_playerCursor01.png	a2a063bf34a1aa675f389e50a139dd4e5dc600d44c03dfe7a86820d8d18fa4c0		17	9			原始提取文件，未转换
	common.dat	main_playerCursor02.png	d0a270d65d0a4ab40327a8bccd0bb78f5a174020750b6c21d6c11980464d1db2		11	7			原始提取文件，未转换
	common.dat	menu.png	52d7afe4770705f15e0505aea5cabfc8e621b71d6dc8e61747842d1cd7671938		157	58			原始提取文件，未转换
	common.dat	menu.seb	e1588bfcd1a6107618d2a618529783edc5abed400b088a1df2539e2fd107523a						原始提取文件，未转换
	common.dat	menuRT00.png	29e68f3e80a4a235eac7fcb74ddca95fa3119c18a22e89147e2c3c70fcae36e8		59	45			原始提取文件，未转换
	common.dat	menuRT00.seb	aee12afe5ae10c6e991fae68ae8a057f58c1a0c8355fc367ee3b8725f1f4ea15						原始提取文件，未转换
	common.dat	menuRT01.png	71b3100eb5df6fbac6b3f614a37e0c1bca9416f2c3665dc4574a5d3ead9d16cc		57	10			原始提取文件，未转换
	common.dat	menuRT01.seb	00e9022929ad9f736359b5b723e48478ee21141bc755f0750dd3d833ebe6f8a2						原始提取文件，未转换
	common.dat	menuRT02.png	d29b315f94df9fead6922be14363aff4de4d05be6d5874ca720215c1a3153027		77	18			原始提取文件，未转换
	common.dat	menuRT03.png	20a6235d5fb2ee107b340daec659feae0a921b93a314ba40a0f740ddb4617141		11	12			原始提取文件，未转换
	common.dat	menuRT04.png	5767c55556c39b60034f61e09ad297df4b18ba00d7194ed4f434e99a7411610e		11	11			原始提取文件，未转换
	common.dat	moveTenant.png	c6675e94d4f8fd6260769f8727db6dcc41e7dc4cbb88730d88a70e8de06bac5e		63	32			原始提取文件，未转换
	common.dat	mp_back.png	3d927f257e9e9da503329c3712b21a4d0ab64ce5437727a7bc2979a23cadda48		93	82			原始提取文件，未转换
	common.dat	mp_bar.png	999db05867ea6661fcb6ce21fdf7bd74bc6688239cc1da06c27fae2115c644da		21	42			原始提取文件，未转换
	common.dat	mp_bar.seb	c9bb50c7abc829648226ab2fd022de93dcee93ebd5d3f29837c3fc8567757494						原始提取文件，未转换
	common.dat	mp_chara.png	10296d434e80fe6c1a669673fa1bd9f1921301b63c91be60746276550ee5e647		33	23			原始提取文件，未转换
	common.dat	mp_chara.seb	d146527630befe07f30532317a3fbb3ef2f2b8050a3247a4fefb344606bc64c5						原始提取文件，未转换
	common.dat	mp_fire.png	b09fb9620d528f80a78d369224522ebeff139ceef5d206a15475003259561af3		92	46			原始提取文件，未转换
	common.dat	mp_fire.seb	38c0460be463f30a74b3b0249f39d09e32d67e2c8b016bc739cdb09649abe5a4						原始提取文件，未转换
	common.dat	mp_ladder.png	b91e9570fcb23dcc23eacee476b47edee779f59024ba526a1af36591cfd78ff2		69	43			原始提取文件，未转换
	common.dat	mp_ladder.seb	86aee0a5ec0a3783368ba2a97299b517fc76205d7b3600d8a135ede230d924b7						原始提取文件，未转换
	common.dat	mp_pot.png	59f6da690b1ff0a9a6726ba5fefb8dae2d8b0c234b20c7ea063e715f14107d6f		98	52			原始提取文件，未转换
	common.dat	mp_pot.seb	5efbccb786adb1559e813f2a657f07874e74da66d74a9d8d6e3926d31bd79091						原始提取文件，未转换
	common.dat	myHomeBack.png	dded40df59dfbfb9ce003b9f0d998a9939c9e0c8380233fac71e7d2fcf6c1473		47	32			原始提取文件，未转换
	common.dat	number01.png	0f8580e40aecb63757a0c8dcb09b97c6a05000ae7e6821c47b43fdb21b0f9e2d		114	12			原始提取文件，未转换
	common.dat	number01.seb	cd138ab10baac84a95b11887bea8e5148f45c27728e945398879d95f4c61d5f3						原始提取文件，未转换
	common.dat	number02.png	7d874063f399ba5a57585a7e386a7060dc8f0e27345acb019ea5d44508f0572c		85	9			原始提取文件，未转换
	common.dat	number02.seb	a93c3ac5621ac738878ec5c7d960c5ab6dee8a5c9e4ea478ef169b28b8077079						原始提取文件，未转换
	common.dat	number03.png	0c32b6ed7b52c0e22c5e7c5de4f961db66b34ae476aed537c739b13f419f893f		80	24			原始提取文件，未转换
	common.dat	number03.seb	120fca8c202a2754386a7e75b56f452d5974fb21029fab25c5c681b0e2f4d2ce						原始提取文件，未转换
	common.dat	number04.seb	89caa18874e0c6719213615fa18ac81bca09343c9f544d9a88709a018093c91c						原始提取文件，未转换
	common.dat	number05.png	e3296b1d631999caf99dfc795d062bbb31f8d32bcaac4170bf39d0f28f871dac		100	21			原始提取文件，未转换
	common.dat	number05.seb	527d306b3bc5cf2ceb74570bc7655a5af030cc1a454941f6a9a170e5f4f559a7						原始提取文件，未转换
	common.dat	number06.png	4b7646ab4a62d750caf6bccbcf2cf8a48cfff6f79213678d48774722728a0afc		124	22			原始提取文件，未转换
	common.dat	number06.seb	1a37bb928c5dbb9325db7d2ce81276954724829eb37bc90138274654d1fdff99						原始提取文件，未转换
	common.dat	number07.seb	c4ba3b4989b89395bff71aa445958f9e86563582479e936922e29540d055fc1f						原始提取文件，未转换
	common.dat	number08.png	be6037d42fc63b5f61d4f4551fa71376b9854aae42b9cc06dec44a253f4f2c0a		100	21			原始提取文件，未转换
	common.dat	number08.seb	1be00528542d4169eb282131e021b0b9776edf0fca4ccc355dd7b08263ef218d						原始提取文件，未转换
	common.dat	number09.png	f24e402e6f33bb2c755dacb239808cea6236b91e807a12c9baa96a0a3a40b245		100	12			原始提取文件，未转换
	common.dat	number09.seb	fb49bd75d3dabe077747e082fc979a1bbd6cc414cff7888749f580aeb2174c96						原始提取文件，未转换
	common.dat	number10.png	8cf6f96b078b42749f50fa8e57bc2d50a1708ba6e56303736fec163bd376de82		80	12			原始提取文件，未转换
	common.dat	number10.seb	5b0f3ff0f2d1dd93244dbec26c0c29e8d2ce2d90130318da745fa589683a1ca0						原始提取文件，未转换
	common.dat	number11.png	9628e41e6e2ba590ee35d44d91bdbb235997334169095dce73c2a890f90b7b38		70	18			原始提取文件，未转换
	common.dat	number11.seb	86221765908fb539549e5af8e5356207d7e1a1404ca4f6ec61512a05d2b27108						原始提取文件，未转换
	common.dat	number12.png	cb73ade5b492b8c95881ba9ab38b440796d62e7823ed7df3df28cf1641d3bbf1		100	21			原始提取文件，未转换
	common.dat	number12.seb	af11bb37572b16374a2d852430a9a42cd907f2de5cbb19bfff26e8f3fc14d435						原始提取文件，未转换
	common.dat	number13.seb	ebf01e0b3076bd06fabff3077809d217a14b63b2b56ec5e6e2d9b6404db93a3c						原始提取文件，未转换
	common.dat	ppl.png	f0aa1f2fe7fd5c936f7e75abbac06ef5874477e3576c167e0d93e5ef8987f818		13	12			原始提取文件，未转换
	common.dat	present00.png	8f53b35574f699db747e0d3317ac2757dcf5213db27fa0481063714e38948078		36	15			原始提取文件，未转换
	common.dat	present00.seb	2c8b38c46c70f697071457f3a1d5754e575bb6fcbcca8b55c3ab19b6784528af						原始提取文件，未转换
	common.dat	questMonsterMark.png	d27e1a55214573bd1c8129a343a627ed291d9d91187b063b5be3227a471c640e		27	24			原始提取文件，未转换
	common.dat	questMonsterMark.seb	47e04edbaddec405113146a7cf0a340b6dc914b9063e0c94f3f95245a52f100e						原始提取文件，未转换
	common.dat	questMonsterMark01.png	f2a5cb8fa97affea328debeff95ffba19599f77beb96652042e21180cd60b786		27	24			原始提取文件，未转换
	common.dat	rank_grade.seb	4d09ee14c686cee5b73c7b60b22fb59656fb9afda124f51217d9159bae37827b						原始提取文件，未转换
	common.dat	rankup_frame.png	80481ff7cdf27e0c63b6bb0ba42838d7037d3a8566de1658ebef257826debf58		85	29			原始提取文件，未转换
	common.dat	rankup_star.png	d1172531e2cadf8237efddc471672f1835a035c062b42e410c86f3f2b9e84133		51	19			原始提取文件，未转换
	common.dat	rankup_star.seb	20afd08384b345e6bd1341ecc3daacac60f76063c36118ec9c262b616d34d729						原始提取文件，未转换
	common.dat	restBar00.png	6b63b8f5f197c9017f6b6ded68bfa27f0512bd938270c97f0ba701d2efe26f4b		48	17			原始提取文件，未转换
	common.dat	road4block00.png	0826c30591d20f1f6b443f3d7017ffe3b1aee658168bb19a183b34dcea1544eb		30	20			原始提取文件，未转换
	common.dat	road4block01.png	78ec165744e53d4f6794ec0d255c7cc6c5b0e7a728d98139e1db2afdad67f09f		27	15			原始提取文件，未转换
	common.dat	saveload.png	5d35f081a1a5e3402f438b483a2b4cd6b17b65835cc80e3603dae8faa755eb63		64	64			原始提取文件，未转换
	common.dat	seb.inf	569d0f130e15b3c0a46fe82568e4a648075f19726cd3fe4f325f72a1616a618d						原始提取文件，未转换
	common.dat	shadow00.png	212236ed7a1f5d01570d87ccec4ab0bb8a49b532ea8b430ffb23b4ded0ec72d7		123	3			原始提取文件，未转换
	common.dat	shadow00.seb	d39bf1630292e95aa042e2e39a0578be1c03c06b5c03ef23faa33406c0fa8728						原始提取文件，未转换
	common.dat	sky00.png	838d1a9d45e86f7adcc1653ab4a800af87331e90b6a0a69c45bf8dbce78900b7		60	29			原始提取文件，未转换
	common.dat	smile00.png	06829a8e55089603427f5688c7fdf649d16f440b719bb4396126c8030c5fa746		15	14			原始提取文件，未转换
	common.dat	smile00.seb	32dc565bbdc51cebce8634a6bd5055256daf09edf865717168e09fdc27e71bbf						原始提取文件，未转换
	common.dat	star.png	a612d02b82ca75e393e9178555787e64eaa902bac4c7afb3aee562dc11271516		50	14			原始提取文件，未转换
	common.dat	star.seb	d95c586f0475109ed9f2c82f3b79963c1ba74a02a5f9b8c84eeb8e62e650ba79						原始提取文件，未转换
	common.dat	tenant_bonus.png	97d3a0ddc78d47ce6cf1b4a37745d0f57847f8d18b1301f0edca358c0536d509		55	16			原始提取文件，未转换
	common.dat	tenant_bonus.seb	24595a8bf20cbcc768fde050d5ebfda005973c838aae6b490a55dc74d7bf2ecc						原始提取文件，未转换
	common.dat	tenant_myhome00.png	8bbd1de3a602c1b914a15129e3842ba74c2fe21aeafb24ec360262d6c0e5ccb2		28	25			原始提取文件，未转换
	common.dat	tenant_myhome00.seb	534d67b2d532600d9e4a93a61114ff93dbfd7b725e1c958ad96ab03ae6247d45						原始提取文件，未转换
	common.dat	tenant_myhome01.png	5fd332d8d97727e7e2ab245937f8e7cb7fae17004b3a8f655709cd1aa62e7cb3		40	15			原始提取文件，未转换
	common.dat	tenant_myhome01.seb	c487ba8fea3f3e03f2d3b284b240f3391d24deed63414b37743efd7b143e0696						原始提取文件，未转换
	common.dat	tenant_resident.png	b404fa85bef61d6c6dc4d847f80a4368cf3dbe93a8500b31a9e42d2d557ae865		50	15			原始提取文件，未转换
	common.dat	tenant_resident.seb	f63f0d672b9fdcaa274f61e2410c4a45f5031825379f79f99c409faa4140fba6						原始提取文件，未转换
	common.dat	tent00.png	d390f2462876177496e51fb4afd5fd39aaaf1e74730e619eaf46ec5375f7f4a1		60	37			原始提取文件，未转换
	common.dat	tent00.seb	08939a2c2aa8e7157d9bd4f744948a7f6480ea75d973b74e5d044f13f6356706						原始提取文件，未转换
	common.dat	tf_charm00.seb	77725f9505c8f68d0d13759d75066535cd10ff133c7937c28776a8e921bba723						原始提取文件，未转换
	common.dat	tf_price00.seb	d9bb85655ce622d533885fd0555598f2d9c9c9c4fd2f4e5222de4cdbbe2e9d74						原始提取文件，未转换
	common.dat	tf_quality00.seb	77725f9505c8f68d0d13759d75066535cd10ff133c7937c28776a8e921bba723						原始提取文件，未转换
	common.dat	tf_star00.seb	0b2a6bdd2cc97fe7a68e82ab89d96541161ca45527796f44885495b675ebf831						原始提取文件，未转换
	common.dat	top_bar.png	19bba457736134c10e60f255d7ebee8695e592a21a00bd54a4b672b0ad6f14dd		240	24			原始提取文件，未转换
	common.dat	townPointbar.png	a9926c3e603e36f96e143e57b04b34da92670310f4a3fc970acd125ba34b06f8		55	15			原始提取文件，未转换
	common.dat	treasure00.png	92f7a13ec6d313773c4ed5469b44bdf1226ac9b3b7d2785d3460d562401e7ea1		22	95			原始提取文件，未转换
	common.dat	treasure00.seb	d8f45d30d67e93347a79c222bff98761f0e329cd5510cb55ee6ff5007f3db26f						原始提取文件，未转换
	common.dat	treasure01.png	2a09e48807e81957cc8b87bb318e836a74e160d7e2622d4637f300f2118d4d57		22	95			原始提取文件，未转换
	common.dat	tresureIcon00.png	c40493918c5fadeedb3a74afb2ee05b27902c296fa245309515e22ba20ba0982		240	96			原始提取文件，未转换
	common.dat	wnd_ato.png	09b9a9fb010ddc4eb2b399177f63d7a69c39e576b0051ef483c8fc988f4c36c4		10	7			原始提取文件，未转换
	common.dat	wnd_back.png	9c3d7fbc12329f0b7894bbb0581f268e045ff16031853686b5e006d02c843eb1		40	240			原始提取文件，未转换
	common.dat	wnd_back.seb	3c7db12cff3916b3ff27b0c01e382695debfb2575a4b8b4fba978df8bf7b106f						原始提取文件，未转换
	common.dat	wnd_bar.png	67b99691cb848805a0070d4f2924c7931da02de6f29191dcb7443e634a8d988e		240	17			原始提取文件，未转换
	common.dat	wnd_bar.seb	11b78ae533f211b1f8f097f86a0b12acf9ce9fee9d347fc980f81b0237fe8248						原始提取文件，未转换
	common.dat	wnd_conner.png	15f03b0851257a973487a5ef5e7045d18adda4c017f0f3b6dc3491e7b3602079		8	8			原始提取文件，未转换
	common.dat	wnd_conner.seb	cfab2deba8d8c3433498fe05c8fa4bacaa0cba3ae29495cb82c36e4d4df58618						原始提取文件，未转换
	common.dat	wnd_conner01.png	01c1490a3fdb4f13fa58e39ce9ccd50f436fb118273c664dc255680f6bf6fe4c		8	8			原始提取文件，未转换
	common.dat	wnd_exp.png	88eb5966f1e03ca9524ddb64f3e462a95e943575c8cfa2c94e5ad103a32bf01a		26	9			原始提取文件，未转换
	common.dat	wnd_exp.seb	d448f76bea06d0e5796afe938150795bbe055141067b863060c1e50efdf5e37e						原始提取文件，未转换
	common.dat	wnd_expBar.png	3000cb3d0a120e88723cfff3a7a64b4c9aed75018ff6592d834d62016a928b0c		83	8			原始提取文件，未转换
	common.dat	wnd_get.png	55f2265788e046d557cd991bad2cd87139b6693e5a33b9d93e710d11c877bfa0		23	9			原始提取文件，未转换
	common.dat	wnd_lv.png	ebe513fa7120f2c7432e29cd7de2df6f222a273f0c689ec7786bb7301ef3d4b2		17	10			原始提取文件，未转换
	common.dat	wnd_max.png	668d8afa412bedce9dc59bf172b9f32a03748351a4d945fb6dcac97545aa1346		20	6			原始提取文件，未转换
	common.dat	wnd_menuIcon.png	847a2c74ffaf79e55a8aa2185531849d6df028451e4038d499c284d528f9b223		126	18			原始提取文件，未转换
	common.dat	wnd_menuIcon.seb	cf72de2f50825db88136d09290a26369bad8b36eaccb993fd36fd2f245b4a038						原始提取文件，未转换
	common.dat	wnd_new.png	97842d7808ba536b175f5a763ccd0f3231e45fad65cc86b82d8aae0ef93f3eb6		20	9			原始提取文件，未转换
	common.dat	wnd_newsLogo.png	bfd5db1d6e0a6465cb168c3e0cf37e6a0d225c8e4f5d53c0202c6cc9fd9cf03f		180	26			原始提取文件，未转换
	common.dat	wnd_point.png	020ce4a16189c5d34d850298ad87d8a371f7b4f4fcf9f5b5438eb6bd3638a351		7	7			原始提取文件，未转换
	common2.dat	buildCategoryBack.png	39f08630b8cc43f2cacce595005b1219dec8202f847ba1f92d31ac978d434c38		57	34			原始提取文件，未转换
	common2.dat	buildCategoryBack.seb	83ca3a4bab57d1e6d5678d73e09d53513186d15b19529e0dce1294ebb8515f7a						原始提取文件，未转换
	common2.dat	frame.png	56ee9635402f93f142b5f70714e5bc7022fe21eef741082f179f441edfcce04f		256	87			原始提取文件，未转换
	common2.dat	frame.seb	6ed3ee8112bf64f28619d885fdc69d0993262915ab7ae45bf2426c18f3a46f82						原始提取文件，未转换
	common2.dat	icon_shopTop.png	c54b462d3e7060897922efd61bcc3ed303d8c35f935917b87bc8ef87ceeee2e9		48	17			原始提取文件，未转换
	common2.dat	icon_shopTop.seb	7387ea688a142c547bed1ec0d643ab7c11762cd21ab27f40ebdc1fe7eca1ad96						原始提取文件，未转换
	common2.dat	img.inf	748663587029cf0a11d4936b3d5abe97cf2b78b5a7d2165adce43d7e1cca00de						原始提取文件，未转换
	common2.dat	monster_money.png	50290ce85900b804da323fc8c0f3fb3491c6351e414deeedac7e661cc0c455d1		28	18			原始提取文件，未转换
	common2.dat	monster_money.seb	394deeb355f165d13d0500959f5c800b393389c2ab4e9ba39a581e73da2f918b						原始提取文件，未转换
	common2.dat	mpot_event.png	8f562f4e9313719b1a9e3790a0ee7c7e7bf9339b0c395ec6d6b9fac46f1e440f		94	22			原始提取文件，未转换
	common2.dat	notGoThrough.png	ce0ab3bbdb65d9f67578e1a93448b37bcc29087a233c0df2056e02cc0f948a2a		63	21			原始提取文件，未转换
	common2.dat	notGoThrough.seb	245950b8f687bba43b5a1b01dd0acbca425bf8e757e1106442d0c1f81d93cddf						原始提取文件，未转换
	common2.dat	seb.inf	1b22531a34acbc0d03acb1bcf98f9e226a147fa9d83ef333085d61c591f345c0						原始提取文件，未转换
	common2.dat	touch_arrow.png	687d833027fb954a305331df449852e7a46fa93112592ed5bc860982d2d69f78		100	32			原始提取文件，未转换
	common2.dat	touch_arrow.seb	683f89a8cb34b76f5105b0a5d44e657995d288ced97ff377db1eb5c3c90a6e01						原始提取文件，未转换
	common2.dat	touch_barh.png	71d5a84e899d6668b19e26c0d62cdc2ecae79f1f296de4ad88f2120dd2ab3113		24	240			原始提取文件，未转换
	common2.dat	touch_barw.png	0f1e875ba9b14ce6f678296b27dba785fe442fbf1e29e0b4705ebacf34e9bbcb		240	24			原始提取文件，未转换
	common2.dat	touch_scr_arrow.seb	9bb6ea114f27aeb0fa3ebc2d4a9ebeb2417d8944d62dc3a7c76d67b5c1c4bc39						原始提取文件，未转换
	common2.dat	touch_scr_bar.seb	d327841bb578f10f0d7d7887f99cb2d6a9d0ffe8fa542b664d459830e045d7e0						原始提取文件，未转换
	effect.dat	aura00.png	d6ed0eab0bf4948460b7966257ba753047fee2400862a1fbb0ef550db7353513		34	37			原始提取文件，未转换
	effect.dat	aura00.seb	3f796b00b031ab330e18d8d58bc078dc6a847f2449e2233e2a246c9f4aa5603e						原始提取文件，未转换
	effect.dat	aura10.png	9bd1f1922a31d0936fb41aa5e2a0c7a03bd9268b3d1b5744b26ebd861bf7862f		34	23			原始提取文件，未转换
	effect.dat	aura10.seb	50a692c7cd0a8331949baf9276c9e6d95bbc2a8c2d45adf8dd87408668b532a5						原始提取文件，未转换
	effect.dat	aura11.png	1709545897de8140cfcbb30dc507ff39adec30ac9036336d5b07758edad76078		34	31			原始提取文件，未转换
	effect.dat	aura11.seb	e8f39241fe470cda2e1c55718a95afa51f7e7ac4192014c18f907b68f56cc9cf						原始提取文件，未转换
	effect.dat	aura12.png	a386564cea95e889cbf72d22c5cedfee7d9e7df74b991eb602908b8b60e8adf8		50	36			原始提取文件，未转换
	effect.dat	aura12.seb	425d89993b27d88e46276d303c7fbbb3464bb506ec5edd25c443df51e3a96780						原始提取文件，未转换
	effect.dat	aura13.png	039bc011a5eee2e8620ff3148cd352fa8d50ab7a70346e186ba93fd307212e8c		80	60			原始提取文件，未转换
	effect.dat	aura13.seb	d2db03a7454c01e886039aabc7548010cd3be7a6e51da7bcafcf8aac0cb83805						原始提取文件，未转换
	effect.dat	chargeWind00.png	51c966f78a5c1a876eecd62c0c64106ee3e28f567e5a924dc02231c587c9e42a		87	7			原始提取文件，未转换
	effect.dat	chargeWind00.seb	decbbcbd34dca3b8623301052a55f5a9f0ece40925994ac3236d2fd5aba2854c						原始提取文件，未转换
	effect.dat	dropItem00.png	370a2130e1a2fd097eeab9f1d23f6b02a89859f7b2972900e5f63df8d938eabd		132	44			原始提取文件，未转换
	effect.dat	dropItem00.seb	085f0516ae65abab4b573fbd54967f921ef381492ce3cfda1eb4d9adf25ec344						原始提取文件，未转换
	effect.dat	ef_charge00.png	90d99270d04693df80a84b36a1932eb20170cd889488995d53827eb164c438fa		19	20			原始提取文件，未转换
	effect.dat	ef_charge00.seb	8b162208f6c607ac7ac11a4fc3815925406984ac67faf50a93e70c0eac8878be						原始提取文件，未转换
	effect.dat	ef_charge01.png	97bce8f7c606f1b7f6f1f7ea7e884fbdc5cbbac6b1eb5590f17d89b5fc7ba1b2		19	20			原始提取文件，未转换
	effect.dat	eff00.png	f5c3c9e8c76503d699c29938d3e6c37e89ad0a1240631251ffd236baaf72b10e		120	37			原始提取文件，未转换
	effect.dat	eff00.seb	97170bd6456ab71a6e7c8056c84457fcb9ddbc921f15bdd01ba20373b27ea1ec						原始提取文件，未转换
	effect.dat	eff01.png	1516fef8d3c45f8a3cfa0e0b6dd49d2bbf97b7e59bb46d059781d862c33c107d		136	38			原始提取文件，未转换
	effect.dat	eff01.seb	249ea51e0edf464139add9a05cd109b96ce76af52719c47feb8471321303f6e9						原始提取文件，未转换
	effect.dat	eff02.png	29526a8f558d1f708d6a530556e2ae9da38a955f309930049e5272d842c63196		84	28			原始提取文件，未转换
	effect.dat	eff02.seb	02917bcee78b859257d2252e578c2b8a9e889fe91d8db48828d113c5122037eb						原始提取文件，未转换
	effect.dat	eff03.png	247b450db432193ab8d1a16fb6b101394cbf80482c245a3b59c52551bf31e379		76	28			原始提取文件，未转换
	effect.dat	eff03.seb	3c5d185941a62706150b722b5128d8e5d4462d8aa17b9f4e6434728510a0cb68						原始提取文件，未转换
	effect.dat	img.inf	4234b91d238e785799c70fa06a8738bb78bdc2b9d43f15399c8b074067bed552						原始提取文件，未转换
	effect.dat	magic_fire00.png	2e04f29cab4826396f4a4396fe81c6aef31ec8bfa4633376f0c4e63317fd2f73		26	20			原始提取文件，未转换
	effect.dat	magic_fire00.seb	8283dc9bf4eb9c2ba2683e793b39f7c39912d71fa28f211b5f4f7875f14c78b5						原始提取文件，未转换
	effect.dat	magic_ice00.png	0f993fc66654761882629cc02f7caa1d7f590a307de01540888b0d858d2a4f1f		200	47			原始提取文件，未转换
	effect.dat	magic_ice00.seb	455d4caa59ccd2403d1ddc87a167a17e758b260ccb232391ff60adfe481e6529						原始提取文件，未转换
	effect.dat	magic_lighting00.png	3e2e4d9d164977ca83501212f9715b2faf86b95bc15122a4f48cdc25c9d0cff0		176	44			原始提取文件，未转换
	effect.dat	magic_lighting00.seb	afd3ee7f86034b9bc738415cbb164c6a99bef502616102291f3613efa2324975						原始提取文件，未转换
	effect.dat	miss00.png	f59e81b21f824016738493ddf627d844f1da53516e1f2cbd26e39aab344e0e42		21	25			原始提取文件，未转换
	effect.dat	miss00.seb	be06049659f99cce8f874c602d757f066bc46cdd3202e5a932b59ff04507a1a1						原始提取文件，未转换
	effect.dat	satSmoke00.png	5dd886ee9ee1991df5837b73693c98c183f925749b9c44cc72883b9858dbba0b		184	35			原始提取文件，未转换
	effect.dat	satSmoke00.seb	04cc9b143f18f903d22ca73a3b695658750e00d447a7bf007395d40a415470dd						原始提取文件，未转换
	effect.dat	satSmoke01.png	26c9a3c1d01ce2bea60e596789fed1cbe89f5d5e984b7f9b372928d34bad454e		99	38			原始提取文件，未转换
	effect.dat	satSmoke01.seb	6bf67269a2f36dcf0ad29ca9b92dc0021bec0c350604c2a41ebc0298c37ea04f						原始提取文件，未转换
	effect.dat	satSmoke02.png	e9d19b2141ae47e807a8fe2688f83d0d996961262c4d2b77e5ee97227726fc5d		114	14			原始提取文件，未转换
	effect.dat	satSmoke02.seb	7ffb658beff9941dbd6c837f50cd63519afc78db33954f5966b6f8b9301b313a						原始提取文件，未转换
	effect.dat	satSmoke03.png	1092333888c8d3f317cda4a9da9e7d43b7298961e200172a542a3bb7f7568a81		100	31			原始提取文件，未转换
	effect.dat	satSmoke03.seb	d6d64c9989fb3977daf2a2766486655248106f80550c24c77d05c18c1aba2207						原始提取文件，未转换
	effect.dat	seb.inf	34a7c192ab6b43c2c4849696a0a3ccb51608ed3afca4ddc759cf5ac35eafc7d0						原始提取文件，未转换
	event.dat	event_BackMini.png	035233661402d46c64d0b25628939314cc5c55d7dd41f1cc504aea83faa308d1		70	70			原始提取文件，未转换
	event.dat	event_BackMini01.png	bfc6d89eb7459dfcf76a3b8b46f087a6a8b82d438450b337851417bce2652e12		48	49			原始提取文件，未转换
	event.dat	event_BackMini02.png	238f9b2d934033b4571e32307fb8b7d7c2162a3121e3a44c645409fe850c45a8		86	70			原始提取文件，未转换
	event.dat	event_backGlad.png	5f95316883cbc9a3aebcd990f48645edd73dbd156a668be0a2dafb9fe898f370		180	80			原始提取文件，未转换
	event.dat	event_backNormal.png	971294268e50bb1b3fbf63cb8854aab3b6831c360c215b77a0cdc71baf7d09b8		180	80			原始提取文件，未转换
	event.dat	event_backSad.png	67006d376df30d059c91991904c9fca03cbc91c7022f717efdb5894fcb7b214b		180	80			原始提取文件，未转换
	event.dat	event_charaGlad00.png	3093b3b188e52a748fa82e1f5ad8181fb734eba887d608952615e66dafd2c78e		51	58			原始提取文件，未转换
	event.dat	event_charaGlad00.seb	a0d2f44daf2292d94f8046206e389f0b664738d93a9d055f3c8cdac1c884a4a5						原始提取文件，未转换
	event.dat	event_charaGlad01.png	6006e7986cdcf24d51d46e8435124451b2a2d606f133231fc70df2155d4c40e3		51	58			原始提取文件，未转换
	event.dat	event_charaGlad01.seb	f53b1187eef0022196ea4848d84af5b9f21419b79c121c529ef12e1d955efe62						原始提取文件，未转换
	event.dat	event_charaGlad02.png	5a4d6da046fdbdb3b0d443ee1955b3ee255beb90171f03a0e1c682348042134b		51	60			原始提取文件，未转换
	event.dat	event_charaGlad02.seb	221798226270886da0859be5fbebf421bc087285b9209c457c5a2cf169c7d12b						原始提取文件，未转换
	event.dat	event_charaSad00.png	2c196311c481515a84cdae8f564faf7d53cd999be5f2aa293c3d8a159316d43e		33	54			原始提取文件，未转换
	event.dat	event_charaSad00.seb	5250af4cd5a0c73a884fc7ce1f93521bc2e5e3e9abf9bc086a7ef6229248fe58						原始提取文件，未转换
	event.dat	event_charaSad01.png	b0784b26e0d801227ddc11f77cfc3265de311593758867767fda7b015d4b5dda		27	51			原始提取文件，未转换
	event.dat	event_charaSad01.seb	834e73a0d478e9f81cf0c8cff0d766cc490529ef84af47474ed26e2eea4f7fce						原始提取文件，未转换
	event.dat	event_charaSad02.png	04c53a14a800358604f52f8531181787c9e1c2141ce2c283acd8d7962a2292d0		27	55			原始提取文件，未转换
	event.dat	event_charaSad02.seb	43fc0908a7738c8a7198e2e99bbbae2c18560abeebdb0fbb91181906cba1e162						原始提取文件，未转换
	event.dat	event_fireWork.png	c0b4e98b2e2b3bdd261dacca300635b2c840fca456c1b6776c0428209f8b75b4		180	48			原始提取文件，未转换
	event.dat	event_getItem_back.png	69df8790eba86572be2862457ef1f8dc85ddbf703e9f23e822ba0bacdb81aec4		180	80			原始提取文件，未转换
	event.dat	event_medelCelemony_back.png	720c1dd53504ff63bcb00a0a26c72eba6fc05a822d6ff5258016015a762deb69		180	80			原始提取文件，未转换
	event.dat	event_medelCelemony_back2.png	4f8d81b2bd13260c03cd2eaf0ed731e8eb8ed7d6f4ae9b2805f2907c00df1d52		180	80			原始提取文件，未转换
	event.dat	event_medelCelemony_chara.png	47955257927041bd32368ff1508baa3a64dedc6190fedb01fe5c33f93eb55ab9		32	63			原始提取文件，未转换
	event.dat	event_medelCelemony_chara.seb	d1f0a039e1a4053a50721de0e50fec34165352e5424a4da17390d78617b0e8c5						原始提取文件，未转换
	event.dat	img.inf	9137c67579ee12fe0ed05e3274f685a67f0a2ed1dcb31c19c76a7bd89fa207a2						原始提取文件，未转换
	event.dat	seb.inf	cdc4cd00987108dcf27e8802e282232d659d0b9f7a95db287182adb82adf6b00						原始提取文件，未转换
	human.dat	buy00.seb	c0af1dca874abfbdaa1d980eabffaebcaa2aa7bc2286ebe761612f5011051f49						原始提取文件，未转换
	human.dat	buy01.seb	1017149f6d83a5da3faef6df94d1763c1f79df489cea9099d661e653f78f4677						原始提取文件，未转换
	human.dat	buy02.seb	26ed372a77dea87e09a09d200beb31b3fd624c961238f9d9397366cc0ef171cc						原始提取文件，未转换
	human.dat	buy03.seb	63eb84f5e01c7849ff7ed2c5e7e607435f264b959713e48058a3d4fc9499b1b1						原始提取文件，未转换
	human.dat	chara_adventure00.png	0459e3969db4d834f22f7b355dac9638febe0e2198f9f988400dd181cace6592		198	96			原始提取文件，未转换
	human.dat	chara_adventure01.png	957fa47aae440a37687252d113badd072af59d7d526de07a91af8f8ffe6fffeb		198	96			原始提取文件，未转换
	human.dat	chara_blackMerchant00.png	6f95642a587059f12c049e34045a4be049d191e5ac4251c5c5af708f98125392		198	96			原始提取文件，未转换
	human.dat	chara_blackMerchant01.png	a89b2b3b52a038fdc0c1b987095fccdc9a63e2e531efc2df7c947f5a08e3d6ca		198	96			原始提取文件，未转换
	human.dat	chara_bow00.png	9d96d1a0c154e54e322a17b9a6cd3e4438fb9bcd2166ac09e764842bedcd2a92		198	96			原始提取文件，未转换
	human.dat	chara_bow01.png	f87bf8a4cddb47895f4f5ce1e7a53d7cf1a41eb91c793099640e22a84c7cc583		198	96			原始提取文件，未转换
	human.dat	chara_carpenter00.png	2fe0a9bcccdd1c1201297563bf717c7f1e3a80be5c1cff6af96d841d8721c5cf		198	96			原始提取文件，未转换
	human.dat	chara_clown00.png	728c7b63b9d43eaf46608f937497158ef8d5860905487411fae4b6c50aae9dac		198	96			原始提取文件，未转换
	human.dat	chara_clown01.png	0759ac997d42880fe43ff1a63dc385c56238c6a5fe479aecf22705b1d37ffc9a		198	96			原始提取文件，未转换
	human.dat	chara_cook00.png	53be9d4b308193622a6215f484b322e70b32e9117bb32c2361f9bcce2a7baead		198	96			原始提取文件，未转换
	human.dat	chara_cook01.png	1f10649b0624c7050017ed5a90b2e7b2f0e362ec2bd74ddf660e080039d8c43e		198	96			原始提取文件，未转换
	human.dat	chara_dragonHunter00.png	ac804c0cf8976fed102dec840e712f42bb8f9a1ee6a6aa80990cfb83a18dfd2a		198	96			原始提取文件，未转换
	human.dat	chara_flower00.png	79001c63be76f9fa455d1e670fd82c7f839228b01fd25e34752162acdc451a31		198	96			原始提取文件，未转换
	human.dat	chara_flower01.png	e906a8fb5a4d38dba1836a24d016e39adec1381fa9f93ff5f6a4c42b3273d3e5		198	96			原始提取文件，未转换
	human.dat	chara_hero00.png	8aa26eabd9c24d8f8f2f20f026259f945c84bfc412a4997488139b81c1918b9d		198	96			原始提取文件，未转换
	human.dat	chara_hero01.png	8b8d495665f9ed2123f417bf30b10b578e75cffce34f12fee3ee745465c98e91		198	96			原始提取文件，未转换
	human.dat	chara_kairo00.png	9299a0e974dea1f4332d60293df841e8f2b8a856b7d565cfee594766328aa1dc		198	96			原始提取文件，未转换
	human.dat	chara_kairo01.png	0b7d4164f1e68e5866977c2fc388b34609ac8373db548eb18d750ad6fa60d49d		198	96			原始提取文件，未转换
	human.dat	chara_king00.png	865b37f9d8bf319dc40248e3593da50302c9d4186427858ba7cfa3c93cf53136		198	96			原始提取文件，未转换
	human.dat	chara_king01.png	d6867a2fc79b7904610621bf561c0d82a035c22d4795385018b27a1f82b5089f		198	96			原始提取文件，未转换
	human.dat	chara_kungfu00.png	8c364ee1a67356a28e68e102c176ad65814fdc5363b55132753bbdc1667957c5		198	96			原始提取文件，未转换
	human.dat	chara_magic00.png	684339dcc0553263a94aca25f7b0e8a1f5d7942257824c006e5cb83f901a86e5		198	96			原始提取文件，未转换
	human.dat	chara_magic01.png	661fe4956d378c8bf55efc254d12f2290a953ee9d3a106de660823eeaf51ad46		198	96			原始提取文件，未转换
	human.dat	chara_magicBest00.png	00e079297e5caf267d46ffd377f594da50928795756ed7191409b450c85b9456		198	96			原始提取文件，未转换
	human.dat	chara_magicBest01.png	627fe9587bb543e727a1e4052fe9842cc4e4683a296968a9aecb54fba785cc75		198	96			原始提取文件，未转换
	human.dat	chara_merchant00.png	9b6e9ee332ca8af5f2cc0cd80f6ac12764475caa11061f3d6fbbce3a699139d2		198	96			原始提取文件，未转换
	human.dat	chara_merchant01.png	055bf852cc8053a8c73d21d7dd22e9b0aea7fff0fd963d2e8177e0169784b2ca		198	96			原始提取文件，未转换
	human.dat	chara_monk00.png	1105bc09aae2771fb7c6486a28df86e04fba4ee66aa9be8e6f89164628aeba39		198	96			原始提取文件，未转换
	human.dat	chara_monk01.png	2869806a496874f3ae1941c95bc42514b937465417037e344e61c728e6db580f		198	96			原始提取文件，未转换
	human.dat	chara_musician00.png	e01ba000db7378c37d968a06f3f12930ed260e19243e4001b31a750f160d5376		198	96			原始提取文件，未转换
character.night	human.dat	chara_night00.png	69e3c5faa5c884b5bac721f003576feb187707572646e334961d442125e604e0	normalized/character.night.png	198	96	0,0,18,24	9,24	原始 PNG；帧 0 来自 human/walk00.seb
	human.dat	chara_night01.png	d8a37c27a31b0193e6b6671d92b5c90f06b2aa2a2dcebb937ada0a1ac303aaa5		198	96			原始提取文件，未转换
	human.dat	chara_nightLite00.png	3dd71fa2e77f2c00393a7e494d8dc04164f18ca4bdb4425ded82f764e1e66fc2		198	96			原始提取文件，未转换
	human.dat	chara_nightLite01.png	4368320b396284aced7a5ccff8653de24e1c90474d9950f69ea49d5cfca44410		198	96			原始提取文件，未转换
	human.dat	chara_ninja00.png	15db04e3d78f6afd8c2bc23ee0724b121e41ecdd4f6a90c827b9821a726c81d2		198	96			原始提取文件，未转换
	human.dat	chara_ninja01.png	888eb6f5f6162f6480227686d3c5e8b6780d08c7e4ef1ad1d25d8bc438686db1		198	96			原始提取文件，未转换
	human.dat	chara_wrestler00.png	c681f4fbc15d85f6180994be95875e0291d7ac8d3792aafc0e540f5abf16a374		198	96			原始提取文件，未转换
	human.dat	down00.seb	7e59710b6f3700f4aa5918a5c29047e7e136891780e317285e761c86431ffba6						原始提取文件，未转换
	human.dat	down01.seb	2ae965d67a8d912fb2311c9c7420dfd645328b3e82c7bbffff2e18efa4583ae8						原始提取文件，未转换
	human.dat	down02.seb	87dcf10b0182303b63e519e7d2d15f158ae67467bec0dfb4b77476e88270307d						原始提取文件，未转换
	human.dat	down03.seb	722050418dad0caa03fd7cf7cb4855ba03a02ee034525f032e6f6b7c0f4563f6						原始提取文件，未转换
	human.dat	haveWalk00.seb	b64dc0eb276f488562f5feed1c544762ba0881195ace38e06353abd841c6d23c						原始提取文件，未转换
	human.dat	haveWalk01.seb	15769c373bf0e89320d49c34f53e8309f717b82caf799773415d231b43efb1ed						原始提取文件，未转换
	human.dat	haveWalk02.seb	22576d1d2761c17b5514614ac742a8729cbdf8e6ed43b521aa536f651e6d14fa						原始提取文件，未转换
	human.dat	haveWalk03.seb	1f3aad6c7fa0abe15dd3978b97753df59854da129f3182d2abd1b94952e534ff						原始提取文件，未转换
	human.dat	img.inf	4bfe805bffbd9fd4c77fcb6038edee369f1deafd6f0ba2d74a471e4b6a939525						原始提取文件，未转换
	human.dat	jampGlad00.seb	94fb7bf3a99bd16f684267615c156f52651a40d9b3e8832e6275f0dd880d8d63						原始提取文件，未转换
	human.dat	jampGlad01.seb	397688d0e01e908a4df7f647a5f530b584069ae98c88fa42b5b8b1307813a372						原始提取文件，未转换
	human.dat	jampGlad02.seb	71e91d08211d8fefe19e9b8031cb7b8f2872f45cb80d0359db5fb9e2e3e15080						原始提取文件，未转换
	human.dat	jampGlad03.seb	c7cd9d5c257f0ce379e9d4b36874c0ccd27a1082eb1e66c63c2b5517177e3de6						原始提取文件，未转换
	human.dat	magic00.seb	65555c91bddc0d06d6099117feb9a2eef0b7a5b5905bdb56df67d58e62903ae4						原始提取文件，未转换
	human.dat	magic01.seb	80531b32f0833c9b9339cd5f2a899fa2bade789781f590719b2b029714319001						原始提取文件，未转换
	human.dat	magic02.seb	d7546b4d9e005bd3166c8c2e419640a048d5a4fe90d2e91e61b3fa274d812658						原始提取文件，未转换
	human.dat	magic03.seb	bdf8a2ed4a5b57e89b0a0c3b580d1c207e63a6471dc48e9c0a5e14a66870e4fc						原始提取文件，未转换
	human.dat	seb.inf	22025324fa4f2bafc736aaa9ae3d10d7072633df0e782a4907a7ffa56950ee67						原始提取文件，未转换
	human.dat	slash00.seb	19b297218bf133bcc9ba76bc96c67b527fc244e8b31179705bf8817cdad18ac4						原始提取文件，未转换
	human.dat	slash01.seb	4f2d0e19a908041fda3c221c9415a15606cb2f7a24753406cf4704a72942c3cb						原始提取文件，未转换
	human.dat	slash02.seb	1925396de446f08c49a492d00a19eafc268fb50e279456f142dc77453d6a2b90						原始提取文件，未转换
	human.dat	slash03.seb	bae6835948bafe9bfb55acdab3eccb2ba7e23dcc84901ff24f90c15cc52b07b7						原始提取文件，未转换
	human.dat	walk00.seb	4082d681f971fe4368a3b22fa463e620a039a5533578f8e943e56bcae8e9ba50						原始提取文件，未转换
	human.dat	walk01.seb	152b0e0a77b4b643979e97a80ba196667d32bc0b45e51c8e805faea51a5b2d84						原始提取文件，未转换
	human.dat	walk02.seb	365eb1a2219f885990833a8601d8dccafe338750be0d8c920050ec4f456e2760						原始提取文件，未转换
	human.dat	walk03.seb	e4a3ad8a4f3bee1c11926f8af8324a4c78551681c85a0689a901d0fb93c3844a						原始提取文件，未转换
	image.dat	_dummy_fence.seb	9c5c8fb958b246caff6d551a4da8c1c68e07c2f98b4d7b00e901079b87e97859						原始提取文件，未转换
	image.dat	entrance00.png	c8ef4c672534881690409230927e25f9b125cc8cfe700ae02d0902aeaa095543		60	36			原始提取文件，未转换
	image.dat	entrance00.seb	b7c1dcdec02c8f13d927a2771b47f7143d2bd19b30c491ce19363fda9e8fafcb						原始提取文件，未转换
	image.dat	entrance01.png	a71743e222d781c8d8f25ea1cc5e7e361ca5ad65ad6d9ac42cba7d105c6f2e07		60	29			原始提取文件，未转换
	image.dat	entrance01.seb	1f61553f5b2096ab85b307cb7ee70dcded4d8c0ef87ef93c3199d48326c643e9						原始提取文件，未转换
	image.dat	entrance02.png	76b998bc2d85aac50fc3882937b1ea63643be8a067ca7d3e44227b650b37739d		60	43			原始提取文件，未转换
	image.dat	entrance02.seb	0374bb1092bd302da2d22af282e87b430e5853df311812c4d0d4d5cef8772365						原始提取文件，未转换
	image.dat	entrance03.png	0bccddcfb84cd6204dadf5fa9bbfaca69657067b8c00c5342f50d07b7ad4419a		60	34			原始提取文件，未转换
	image.dat	entrance03.seb	960ef63f575302d90e01262d62fac3f606a833f4b304d7eb2de6159652664d39						原始提取文件，未转换
	image.dat	entrance04.png	0bd329950dbe6da23e0a8b4f2817b5cd523c46f81f87283992d5ecb70840ee33		60	46			原始提取文件，未转换
	image.dat	entrance04.seb	78787d4d2ea389f390180b7e06f0b7e1741a4a085215e76bde74de5c0cfff722						原始提取文件，未转换
	image.dat	entrance05.png	3978259ddca998176f97d5273a94751b6d499a1ef33190816f940690a6d8c867		60	37			原始提取文件，未转换
	image.dat	entrance05.seb	c7ef9efdd8154889939421301746e79d5ba573dd1ab72657dd23de2401403b26						原始提取文件，未转换
	image.dat	entranceOut00.png	7878ba36d18d506a58a2a1975a318294a1fd45afbd21ba15a3fb385fb4304d88		60	37			原始提取文件，未转换
	image.dat	entranceOut00.seb	433bf0ec82c2ad47858e03f84ce22f538178f1b2d6337ebe90f5f3551a2166d6						原始提取文件，未转换
	image.dat	entranceOut01.png	b772761a212a5fb1d7f054f7818e098b315605b4f528de241bd00c232f0d1706		60	44			原始提取文件，未转换
	image.dat	entranceOut01.seb	f067f495983c667da36e603a6bcc6f8aefd574197717f325530b5831857186ab						原始提取文件，未转换
	image.dat	entranceOut02.png	4b102bc1876548289e8b13afc377151b283fe7e6f2f5d655598d5403ba953795		60	44			原始提取文件，未转换
	image.dat	entranceOut02.seb	3ffb997e2e2be021d35858e8ddf371046d335fa998429dade200f63b37ea74cd						原始提取文件，未转换
	image.dat	entranceOut03.png	0910516684faec7c562bd8b867922ac159a73c4809321060fffe288fd12b1cf2		60	37			原始提取文件，未转换
	image.dat	entranceOut03.seb	5683291b845857fff8a8a08e3c1ec2ac3c6c88c72dd4eca60eb5078bcfe4f09d						原始提取文件，未转换
	image.dat	img.inf	f629a980ac747833e0c41331620dc31c37e82799c870c3cbbe220b747d269952						原始提取文件，未转换
	image.dat	item00.png	9a91fc52435dc61009456546103ae984067b38f22eec6ee906bcc47ec91626d6		60	29			原始提取文件，未转换
	image.dat	item00.seb	482b8af3e259eda2c2a7dd506eb0d44be4a4451f9fe67a0daed715a332387823						原始提取文件，未转换
	image.dat	item01.png	2a24fe4511793c291af3d1d109407ca54921069cd1c46a7b955e33b8b0370e01		60	60			原始提取文件，未转换
	image.dat	item01.seb	9d804138e1cf4294c8279b45935fa57b958392779a4069e69eaaff834f529fda						原始提取文件，未转换
	image.dat	item02.png	ae2006d634c6222b0dda24da63e66816f58c48c3bc9de115e85ce245188f6670		60	39			原始提取文件，未转换
	image.dat	item02.seb	bc1c16d72c21e7e141ee72909f9ef02afecaa0b7883f33f50ce6f174e4549c02						原始提取文件，未转换
	image.dat	item03.png	bb5cdf235166a927619c12650ceff459028f2c88603b48d38b1665ce698c5148		60	48			原始提取文件，未转换
	image.dat	item03.seb	b5da06596e0c61c349c6a01dbbb1ebd08452779b395d0212c7ea123b4ab5b162						原始提取文件，未转换
	image.dat	item04.png	537a98a7b359d3cae7d1e6b0f21aa78feb92a6a3e988224812b6a9ea63e99ebb		60	38			原始提取文件，未转换
	image.dat	item04.seb	6fd8dafbd48c196b5534729cd538a0c3b6bf29352246a02777eb3cf17fdd45cb						原始提取文件，未转换
	image.dat	item05.png	629e523d9665f7ea76e5c58ac736f5a851ac4dca328982afe5f194263409fa30		60	29			原始提取文件，未转换
	image.dat	item05.seb	f6611a49bb3ba9530ef3744adf1eda7b00b97e3f36bcb24df5f385b2d1f66c43						原始提取文件，未转换
	image.dat	item06.png	bed39dddc1f5e3034457cce997aeaf72cde2bf6fa5c425fc36c1fe70af098ffd		60	45			原始提取文件，未转换
	image.dat	item06.seb	a38cc7e553a6d8181d8dc172b0d83cfc1ff5dc7c1f503ec6eb3a38a3e7a83bed						原始提取文件，未转换
	image.dat	item07.png	5b219d58caffeee80a5d820db75259666fab38d3dd2f9861ed49507e2f97a31e		60	35			原始提取文件，未转换
	image.dat	item07.seb	adae3d17b9b3595cb368ab26709797827133f35e392803e43ca38756131ab192						原始提取文件，未转换
	image.dat	item08.png	95ed9598e0f57ba8463911282be4b394b2ebd83fa13741ee408eda1870d191ad		60	48			原始提取文件，未转换
	image.dat	item08.seb	a4368e9edaa9da9921ac121a8316aa3bb8b0ac4dc73ccd4fba080efef1c63a5e						原始提取文件，未转换
	image.dat	item09.png	3f219927eb897132bd84129a4e4b634530aac95f03bdc7835e708cad4b40fca4		60	45			原始提取文件，未转换
	image.dat	item09.seb	9a48821ef85c9fa309c02c35aa3be1e8714fa8fa352d776872cb739b71a77058						原始提取文件，未转换
	image.dat	item10.png	48f18878218ad9a9c649a55bd676701b61b608d67d7d5e4d8103c8ab5adb5b56		60	31			原始提取文件，未转换
	image.dat	item10.seb	9d5cbdbc10c82bc41bea799af849eee99351aacce2f07ad82fe901144d9aef16						原始提取文件，未转换
	image.dat	item11.png	cdc6657339086f62bd097a76421f66713dd19025b45ac3dd1a5d976f78f58595		60	48			原始提取文件，未转换
	image.dat	item11.seb	df2f5e0ed9fac9a5765785a23dc5943f8b41fedb4afbb0146722f55ed6fe2a9c						原始提取文件，未转换
	image.dat	item12.png	868160752d538c026728f7a11337f32f0e5fa0e6c6270e6e96405cce3a050cf6		60	45			原始提取文件，未转换
	image.dat	item12.seb	704bdf67443e0b74227d98bb1a999f9a8ccc179d19f4bdcd07f7fbd2c8ce935b						原始提取文件，未转换
	image.dat	item13.png	8c1b8ad8b31b7247548f1feb6eecee9753d8886e4c5817d069f9f5107c660897		60	60			原始提取文件，未转换
	image.dat	item13.seb	f03499fcba55b936665b957cf301e48dad1efdd045e7c85f2b8f390123aea4e4						原始提取文件，未转换
	image.dat	item14.png	9e06c2f90166f4adab5875778071956a9066dd5530a7ab5777397fc9a55e04d3		60	44			原始提取文件，未转换
	image.dat	item14.seb	0f91df2f6b372d38897ad80073be4ac78002bb7fb458386ac6b6d47f192aec09						原始提取文件，未转换
	image.dat	item15.png	9503dfef78ae5bb97cf1893fdd2ac07d5813fed3bd058877cd5201095c1dd9c0		60	64			原始提取文件，未转换
	image.dat	item15.seb	ee6b68b016f404fb415fedbe5599615bf746105e1f1e8ddbe47345ff0cc753bd						原始提取文件，未转换
	image.dat	item16.png	538bc27d2f3b4855c18f0becfed49b5511f6996ac3c7562f3237da8e19a690ba		60	105			原始提取文件，未转换
	image.dat	item16.seb	e5df23023af7bc4eff7c8726146c13a550b20abeb5bbf32a69a3b13c4f23fff9						原始提取文件，未转换
terrain.grass	image.dat	plain00.png	d1f6ee4c4b588696b70033c8d5bed01a3c12bd966e6cb004c705066f47810f06	normalized/terrain.grass.png	180	29	0,0,60,29	30,14	原始 PNG；帧 0 来自 image/plain00.seb
	image.dat	plain00.seb	d976a365fd6ec32fb04d6fdee6994ab4458279428162997898d0a814572f5cbb						原始提取文件，未转换
	image.dat	plant00.png	fd713be7a94c190305b42c79707dfc49dd03b29e112095dfffc3d83d802fbc2b		60	35			原始提取文件，未转换
	image.dat	plant00.seb	a9028d15d921c5db439b0050e4d1c1ba63e4acad3da58debf82213ae797f3468						原始提取文件，未转换
	image.dat	plant01.png	734cbbffb6d84daef234c371c4d9fa5d597e3f5356e231fc1426b399bc7eda6a		60	60			原始提取文件，未转换
	image.dat	plant01.seb	63ebf42458b3651c476f5dbcfeb3b9e61d4ed1f6002f874aa51f11be4560cc45						原始提取文件，未转换
	image.dat	plant02.png	7b21f5b7b11d2c4dd455e57d238652c418a10fa75fde1f7d25a2ca2de0a0200b		60	47			原始提取文件，未转换
	image.dat	plant02.seb	85ce8ac7e79001dd8e5a7eceb689790a001888340d5f4962fd7bbdba3282cb1e						原始提取文件，未转换
	image.dat	plant03.png	72f4e3149db652a6827a3b979727a849bb2cca11b1545417f5f277588112e54b		60	55			原始提取文件，未转换
	image.dat	plant03.seb	8f80f23788d1510f444c5de49547fc9850a3f91281fcefd0e3699656ae59c8bc						原始提取文件，未转换
	image.dat	plant04.png	3c349924d64a94010349638738fe15931c8a547983cd4771fa4d0bb660651707		60	34			原始提取文件，未转换
	image.dat	plant04.seb	1d810166db09b58a653040267cb5c717f7861a9949b8cde938088fb163873cdc						原始提取文件，未转换
	image.dat	plant05.png	02bd90be04cbd14506e52d9ec841c262d98d22f3e3df0a7f3e9aa88e75f45d3b		60	48			原始提取文件，未转换
	image.dat	plant05.seb	979bdb563d37d53235284dada84d9b0739817d7cde25ac7d4739fe26f73ea06b						原始提取文件，未转换
	image.dat	plant06.png	2b115d2f5753147fc1fddde8082157718cf9daf25e45a2733bc0604c54baa94f		60	60			原始提取文件，未转换
	image.dat	plant06.seb	08d32235f0d8e64e56b6f83df2fb0d01e33218497e527729adc60519a8372ef0						原始提取文件，未转换
	image.dat	plant07.png	166f7195aaf1410ac636b175144f33b09f7b4a41cf795b1ca61695296b52fd7e		60	34			原始提取文件，未转换
	image.dat	plant07.seb	9b58c5aa27e5d10292085d493472888a5cf6693724bd0f57910eaaf5060c347e						原始提取文件，未转换
	image.dat	plant08.png	4e5ec44120482a49a55038a7249619f59dad6698917c94d0b95a4d38884b65bd		60	36			原始提取文件，未转换
	image.dat	plant08.seb	64b2661fba8983c2a9234884682126a3b48e6d694253e9e88f5f4f6d609eb2b0						原始提取文件，未转换
terrain.road	image.dat	road00.png	8ee61f0b4582a36256d405388518019b4ab66386c9e6a00ec6d16e648e5eedf4	normalized/terrain.road.png	240	116	0,0,60,29	30,14	原始 PNG；帧 0 来自 image/road00.seb
	image.dat	road00.seb	483600b754feb7bd300cf58cdee6fbe939e740b5328867f3a176907b7ef62108						原始提取文件，未转换
	image.dat	road01.seb	96373fdc7c1d8eca73237fa2f7710ab4f4cc3f8c74c6f501d2eedfceaa1ecb8e						原始提取文件，未转换
	image.dat	sea00.png	d7342c4dc4d8180a8f4f36296ee8fd9a32d00bfb2d62b592f7be09fca54e462b		60	29			原始提取文件，未转换
	image.dat	sea00.seb	c1c2bb6a70cf42112c51064c89bd78b66451feb5734a22807ca29bab4ec26a44						原始提取文件，未转换
	image.dat	sea01.png	f109d41560a50b68fddc15ad6bf6808012865dec554af95aa2b9b4b43a4a4e7e		60	29			原始提取文件，未转换
	image.dat	sea01.seb	247b362a6ba643fb07d6841e22c4e44a6ada986dfacdd022dc82456da4fd7d7e						原始提取文件，未转换
	image.dat	sea02.png	5a38c693e944d291d61e7a43c40c74e2db321f26232d105bd470fc080ff8133c		60	29			原始提取文件，未转换
	image.dat	sea02.seb	70ab69def55abb304220ca4504b66af4b1bffbe7c475551b2b75c2271c924d13						原始提取文件，未转换
	image.dat	sea03.png	236538f3dc37d943120d026c295c8b9b3053b82ab21d71263735a315fd0bfeed		60	29			原始提取文件，未转换
	image.dat	sea03.seb	293e6ae4faf47a8967b1ee76c53e3a85623846a49cf6974f65621eb9767d1289						原始提取文件，未转换
	image.dat	seb.inf	ca6d11575d75ec888e6555eebdc0adb869f58d606949788c01dfe523191d543e						原始提取文件，未转换
	image.dat	sky00.png	f28f8bebbffe8b12406ac3dba69e5a21f5def5f7969e7130d8847644827a77e6		60	29			原始提取文件，未转换
	image.dat	sky00.seb	d77f5598419fb1b9cf4f4a21e6a8910cd71276824dd75bf52109e7775adf2328						原始提取文件，未转换
	image.dat	sptenant00.seb	42fd228706b9662fae63645860d57350096f20d107acceef2f9837a84f663429						原始提取文件，未转换
	image.dat	sptenant01.seb	90b884ee83157b6e61d57b18ee68542b786f5f343b8c4362cf3996ebd2d6b67d						原始提取文件，未转换
	image.dat	sptenant02.seb	dc25a4aeedd65b5d087e062b848b87873d07484a71453cca0dc5b6a21f9b7270						原始提取文件，未转换
	image.dat	t_accessory.png	01e4f2e7f2f297f0201ab6fdc84c51a2b2a3fb3e1d900e64a31770c20d42a277		60	60			原始提取文件，未转换
	image.dat	t_accessory.seb	77d28fa06fc8b1c7521f0d897196785094a6a4238c089da4c21294e838921569						原始提取文件，未转换
	image.dat	t_animal.png	50cbc9eaf9782b20fad0cfb339e83892622397065873baa46ed2f20d31ff0246		60	60			原始提取文件，未转换
	image.dat	t_animal.seb	5fa82590f5ba4a25d5182e3b85d4d99b0dac8568aa3e7a521bc118991e49c887						原始提取文件，未转换
	image.dat	t_bar00.png	74ba1a1026a5fe73f93e728a8c0a42624af8df0126c41a3ea3babfdeaf83fa68		60	60			原始提取文件，未转换
	image.dat	t_bar00.seb	76f85e79e7e2ec8ab5d153bb6909ce25c804b1228694c58dc14ab53d438a9755						原始提取文件，未转换
	image.dat	t_bar01.png	53952562e6b9d06f97501da4039ce178b8a322517d4df81b6e899a0733363f5d		60	64			原始提取文件，未转换
	image.dat	t_bar01.seb	8d04be5e6cccb5652f01a35885793f967d925d702b2fa92f8c9583afb0e097d0						原始提取文件，未转换
	image.dat	t_bowDojo00.png	310c2617530e11481dbf6388b0f0c04f18db65b46e8ee15ba8849538e3f7c545		60	48			原始提取文件，未转换
	image.dat	t_bowDojo00.seb	41a36b3f8e6f8cab492724fe6f50b1ef45d7abc1c3550368fd78c487b2f1d9ff						原始提取文件，未转换
	image.dat	t_bowDojo01.png	534a1915398c3c45a5c051fb6ab64de2a9cfcaf8c850c5db5901d04b78a8cc2b		60	38			原始提取文件，未转换
building.cafe	image.dat	t_cafe.png	9f00899dfe930c196687d551ef01a8d5e6de73a77f5c4959b35b3b1b67208283	normalized/building.cafe.png	60	60	0,0,60,60	30,45	原始 PNG；帧 0 来自 image/t_cafe.seb
	image.dat	t_cafe.seb	29e8d75345ade9220080ec9d9e159759ba01a0a01731f306a695b971efffda2b						原始提取文件，未转换
	image.dat	t_cannon.png	5b8dd6fc4b97f3f755144ff0149ed5035f8781939eceb8cd81087c91622bb2f9		60	60			原始提取文件，未转换
	image.dat	t_cannon.seb	4e3a48c1bcf39a886c961a2303c5ea5e694ecbcf7643fc96397573be6ccd7ad1						原始提取文件，未转换
	image.dat	t_casino.png	ae9bce88ac6f275f5ee229af336e802c02ae1f36805afa4ac50f863d829e264a		60	77			原始提取文件，未转换
	image.dat	t_casino.seb	f74f1254b8877641075ecfcd9a770f506fd25db27c69b555fa4f380b1e7ea058						原始提取文件，未转换
	image.dat	t_casino00.seb	3822964c79fc5697c4db0d7dab0db5d0292f3ee04bc727ca9d7380ad7613486a						原始提取文件，未转换
	image.dat	t_castle.seb	f046af5ee394cfe6cf8a8fa386ab2f97340a5eb62b34b8ac0581e1dd7c10acec						原始提取文件，未转换
	image.dat	t_castle00.png	a4c9fd957b608b9e9aa7d739ac3ff97ded61c4f9fc191668d3b263c508e78e36		60	88			原始提取文件，未转换
	image.dat	t_castle01.png	897b5bf93f643d6752730159cc8c5419565755435daf69013f28957b5f83f382		60	87			原始提取文件，未转换
	image.dat	t_castle02.png	03f6e912d015e1e9bbb90d8faa05a46d68d251457c8bdcf201a41f46d1105ef6		60	61			原始提取文件，未转换
	image.dat	t_castle03.png	713ea7a561c9084ded6fd0fd077c07e08d5d94bc339ca9bd463209b14d7556a3		60	29			原始提取文件，未转换
	image.dat	t_circus.seb	5a0ef620eea8dcb85b910b5f7a5189b8c991f77472fe25f383bdf4a752bf7680						原始提取文件，未转换
	image.dat	t_circus00.png	c9e1e59ed7e124bacf77685531a26ff29a0e37ed3156d811846836fa106a7750		60	55			原始提取文件，未转换
	image.dat	t_circus01.png	22052d80208028302a0fc92c4c35d017d0f11666e506d43d22e35f28ecedad9d		60	40			原始提取文件，未转换
	image.dat	t_circus02.png	cc6fba08ee337a27f095ae66de88fa6c87a84187994764ad8b44dcd89ca8925e		60	50			原始提取文件，未转换
	image.dat	t_circus03.png	f38082317827633ffeb42dd432151ec92cd8ed9bc7010dc61e04a8ed65315b90		60	29			原始提取文件，未转换
	image.dat	t_curry.png	67fc6117c864064be7299f8b4a032e8e0b78e9803a091ec8001dbd675f4d9399		60	60			原始提取文件，未转换
	image.dat	t_curry.seb	fd86844617a05d8834d29d70a06cee25fbc2dcc9742dd380d55ea5c68c596faf						原始提取文件，未转换
	image.dat	t_flower.png	f08027275963801f8ef515e56e7a7b3da8fcab226ae4f7f1f0a73024a6cfa79b		60	52			原始提取文件，未转换
	image.dat	t_flower.seb	9304f62a6e3d8754baaaec41d04670ef27469401f6f69040ea1fde3d5450ad11						原始提取文件，未转换
	image.dat	t_fortune.png	cd7604cffd55f97f2017aa95ee978aec86c175ebe225a50fb91b854438a4b79f		60	51			原始提取文件，未转换
	image.dat	t_fortune.seb	6dcf4cea071007db399be22ece3b87e942f5b7338e91f6ece97fea01abc9d6fb						原始提取文件，未转换
	image.dat	t_ghost.png	044e0a75b69c08f963d7166174be0c03a4e57898109a28df35f2379cfe9fba87		60	82			原始提取文件，未转换
	image.dat	t_ghost.seb	268a978537bbe7366a1b5aec9bdf7134ec9ae1c01f0375e6e88f3678a2e7dc62						原始提取文件，未转换
building.inn.pair.front	image.dat	t_inn00.png	9cf1b3402dfe07ddad063353b7654efb6f6af1368a9e16958324914409363f0b	normalized/building.inn.pair.front.png	60	48	0,0,60,48	30,33	原始 PNG；t_inn00.seb 帧 0/1，定义 29 分片 0/1；奇数帧水平翻转
	image.dat	t_inn00.seb	183b165bb6a77c7428d5580a25bdbb90aff8860153455351d5309db915a1f4d1						原始提取文件，未转换
building.inn.pair.back	image.dat	t_inn01.png	bef608d94a59535be649a4400f9083b06d259b836243e333fe81b8a7612116ab	normalized/building.inn.pair.back.png	60	51	0,0,60,51	30,36	原始 PNG；t_inn00.seb 帧 2/3，定义 29 分片 2/3；奇数帧水平翻转
	image.dat	t_itemcollect.seb	446fb737007bab5dbc9f51187e067214d5ac160eacf94e7b099af4444653a6c0						原始提取文件，未转换
	image.dat	t_itemcollect00.png	5c7e4b28006eebd95b625ebf6fbf40c2e4e6520408d8bac424571bf65968a690		60	60			原始提取文件，未转换
	image.dat	t_itemcollect01.png	89dfbb454d17384084a2d7185ff18bb732a6b6fcdf68c885c7cf322f0a97f84f		60	55			原始提取文件，未转换
	image.dat	t_library00.png	edaa3d435517c2f8d1027424ca673d0b6e45b3e78b44a18e092c588c091ba9d6		60	53			原始提取文件，未转换
	image.dat	t_library00.seb	bdee3c02ff5f0dc342078d56e659b0ef6557ec52e56ff09e60d156a76c075214						原始提取文件，未转换
	image.dat	t_library01.png	20dcad5ac83459d21df0020cae8bab393da69d1bcf738eb92ad68daa147f84c4		60	64			原始提取文件，未转换
	image.dat	t_magicResearch00.png	fb9441c1be6f65a5e122a2fbbb503165492052bd8f36a38408e7b23090bf8729		60	79			原始提取文件，未转换
	image.dat	t_magicResearch00.seb	b5082ad9c9b0fbc56aece3f1093f422c4c0c7f256bf23175bbb241abd5264084						原始提取文件，未转换
	image.dat	t_magicResearch01.png	cdcf62693f208349ae79691a905ae475737229f6443d6e9c512e04b6150e9a01		60	56			原始提取文件，未转换
	image.dat	t_museum.seb	68fd3ffe49f98c69d112f5be8c77348f3230e0e645779f354d73a7b1ec641199						原始提取文件，未转换
	image.dat	t_museum00.png	5fff643dd931e373fa763d0fca3d633f23a8f72aa87834d582b380a509932b4c		60	60			原始提取文件，未转换
	image.dat	t_museum01.png	a929cc752478e162e9641f7b08376e26bad8193bf1096a7e7c82880f1bba2b92		60	72			原始提取文件，未转换
	image.dat	t_myhome03.png	790bad44cfb80fba15a5353de0d84c704ae780ec360a7836b777f1f8345e1ec5		60	60			原始提取文件，未转换
	image.dat	t_myhome03.seb	63238520dbdb4b4db629c7f5c5f320ed960267e0905f5b2156960741b2a2019c						原始提取文件，未转换
	image.dat	t_protect.png	9bb2ed36dfb77ff46fec32adbfbdd351d69778da12729cbc98a3c5ef88a19693		60	60			原始提取文件，未转换
	image.dat	t_protect.seb	8b1c72e32d5d73028bb35a7c64e23fd8f55cbb2bb882fad4590f0cfe37ef05be						原始提取文件，未转换
	image.dat	t_resident00.png	6fc5631b011d85231471c1bd7fbe577c475c5dd9c01ce0fb17854d34750ee23e		60	50			原始提取文件，未转换
	image.dat	t_resident00.seb	0813fd74980d593dcba03b365097af23abde207b6c90c3e0aed341cb7d2245ed						原始提取文件，未转换
	image.dat	t_school00.png	653de5cc93e0f939df6f8628d5b2d07dc50fa8d68e76818416aea01c382d7596		60	49			原始提取文件，未转换
	image.dat	t_school00.seb	b8aabe7086a5e67cc2971569ca92157060d0934d7465a83e578619d2910b74e4						原始提取文件，未转换
	image.dat	t_school01.png	b29e97b44970d4c591927e6260cdb2af1c01bf1470d278cd1b5280ede520a35a		60	49			原始提取文件，未转换
	image.dat	t_school02.png	b6a878d35e4c5bb3d1cfdda16b6dd6127482f51073b63ab1054c6891804569ca		60	43			原始提取文件，未转换
	image.dat	t_school03.png	a547c27a4a0add5904b3984456eec0e244a33bd0682fd04cf4ba275e682635de		60	30			原始提取文件，未转换
	image.dat	t_sweetHouse.png	5347fea728cd75142f2e41ba39ad146ec603a7037b25f2bb38d0ee9bc11afc7e		60	62			原始提取文件，未转换
	image.dat	t_sweetHouse.seb	ec4977dce55fb1382d97115ae8ba64300359b9cec349fc28521508bec1afd8fe						原始提取文件，未转换
	image.dat	t_swordDojo00.png	ad3dad53a50fa9024f8fed65e6345c5aad00d25e2df51d7992ed6675f34cca80		60	43			原始提取文件，未转换
	image.dat	t_swordDojo00.seb	1d71ee84f7e98af76c131418fa34effcebb26b3bd4f6245bcbcc8443c4666f22						原始提取文件，未转换
	image.dat	t_swordDojo01.png	411c03b7426a1e4738180a87540795714347526cbdaa94859f22707c0ab0aaa5		60	44			原始提取文件，未转换
	image.dat	tenant00.seb	aa565dea33432b28bb43b1b642bcb8f93baef269dc0baf5f6b0bcf6f5ba60238						原始提取文件，未转换
	image.dat	tenant01.seb	716313d82471af513bf7efb51f4eb22c27cbee60ef118a5c23c54c4519264e1a						原始提取文件，未转换
	image.dat	tenant02.seb	68152a87dcd84184086eb054f11cc2ec638beea5ecbeb11c64b8c8c9e06fd9f7						原始提取文件，未转换
	image.dat	tenant03.png	5a97ac8a2b8470058ee49bb0e5f337de3bd9aa7616f3dc5379744db487ffcacf		60	60			原始提取文件，未转换
	image.dat	tenant03.seb	09afe29f60667a668bae603739ab84bbfe9f8a38bbbffa22f4a3f7b8ed2ff77a						原始提取文件，未转换
	image.dat	tenant04.png	a400c71bf827aee8cb2fd288488bbf6540bcd3688b7454f88ef7f73183af42bc		60	60			原始提取文件，未转换
	image.dat	tenant04.seb	779d70d60463d99529723b197cb4953d958f5cf62396c88e5bbf0f795e79d0ee						原始提取文件，未转换
	image.dat	tenant05.png	2b0ced1c8f7e6f88cee0eb65c761877bf5c2110d4420730478c9f5575e7b73ae		60	60			原始提取文件，未转换
	image.dat	tenant05.seb	a89c60f3aeb00a0f615440ab31079bdec1d7d790bd20241116b41a78e8d827c2						原始提取文件，未转换
	image.dat	tenant06.png	1b0a7ecbf188cb79cd7cd9a8a4eabb5aba6457a67466b99c3c489c05274ba397		60	60			原始提取文件，未转换
	image.dat	tenant06.seb	340850c4de61f1b923e2ed72719d926b4f7264f31f83d8ef80d6a1f204a6f660						原始提取文件，未转换
	image.dat	tenant08.png	94ce8755b77a3af995906f6a7d5ed40a74b85b6020aff6afd72e34f829685cf6		60	60			原始提取文件，未转换
	image.dat	tenant08.seb	80ab3d3f84ead663e11374dffc0dfd5d2c966b3e07797b0e50490c559381b2ae						原始提取文件，未转换
	image.dat	tenant09.seb	f9da5098d22e168509699b9ddd3c6490e9f760a2f2910667b9f633d023f0416a						原始提取文件，未转换
building.inn	image.dat	tenant10.png	d05aacdb3af69cb6ab397ae2df786d23565d9a6ca593626ad5b657410ff4c125	normalized/building.inn.single.png	60	60	0,0,60,60	30,45	原始 PNG；帧 0 来自 image/tenant10.seb；定义 28，经 mapchip_main[48]
	image.dat	tenant10.seb	7185808420140f439a02fb792e31ebb832a40f41d81951b85076f88c939a81d1						原始提取文件，未转换
	image.dat	tenant11.png	2564159fd355b21ad7826cd9635dc65739228c30b7827ecef6fd6f1b8a0af347		60	60			原始提取文件，未转换
	image.dat	tenant11.seb	db060320199d2f81d2e93d131c15b015fc9731881c8405f558b4d9f6a22c0864						原始提取文件，未转换
	image.dat	tenant12.png	d0f86296eda58b14b653ea42030411b28f17c630a3cfa8110cbef98227b56ac8		60	60			原始提取文件，未转换
	image.dat	tenant12.seb	ac8214edc4ec3effc0dd804258b96d1557d073139c62615729bd26298667eea5						原始提取文件，未转换
	image.dat	tenant13.seb	69c16b010a15a24468740f3d84ba417ced53deb464f37c278c43f1d6661c0720						原始提取文件，未转换
	image.dat	tenant20.png	ee1112a8a6a5816f2aa999138094d7dea4bad2518b65d59fddb7a73836739567		60	68			原始提取文件，未转换
	image.dat	tenant20.seb	a2984a80785dd0263e7c2c4cc17903d4cc0ab3e044acb6edfce1c01466566284						原始提取文件，未转换
	image.dat	tenant21.png	1f30f1ea33e910c36ab7ffe46d541187c7f4ba1cb12cf685f6078bd2d41ffe9a		60	50			原始提取文件，未转换
	image.dat	tenant21.seb	3b410e62d245e461062ac9390124705fc826525154d71e20d591563849a17513						原始提取文件，未转换
	image.dat	tenant22.png	1549162ba1ef08ed5c700c28f05451e772e1fc871487a3a331cd2943b9a49fb2		60	50			原始提取文件，未转换
	image.dat	tenant22.seb	f8348071e2900b2858be9e79297c9956e85b14ee778250731b0500ca2bba368b						原始提取文件，未转换
	image.dat	tenant23.png	b9d98ef23f20103e8fcab739bf6c4c88132d4063a751489f8571068679fb455f		60	52			原始提取文件，未转换
	image.dat	tenant23.seb	34d1834a6921004af99f63e4d949a523ed9c1de7615b02ca359adeb3f474f5cc						原始提取文件，未转换
	image.dat	tenant24.png	7340f73711ba0d9c5bfc7bb4fc9f9cc6ee568ab5e2182ed32abe4103f7309bb1		60	53			原始提取文件，未转换
	image.dat	tenant24.seb	9abe1b91a53e30bbc9473f357dc8bc0449413e8103de4e5b1bf9518fecd66b20						原始提取文件，未转换
	image.dat	tenant25.png	a219e1fc273a326ff020567af56c190f3a98c3cc59da099e8aa3b2c217b23c4d		60	60			原始提取文件，未转换
	image.dat	tenant25.seb	a378f78588c55501c3d6c20f190254327db3771818701125db79b52049873b6b						原始提取文件，未转换
	image.dat	tenant26.png	8a2ce5493df9e2a9f410f6df87ac115331d3946ffd782d26be234558bc1cc948		60	41			原始提取文件，未转换
	image.dat	tenant26.seb	4a6ebcce7355f173cbe20ce39f96a07b4210ca93dd2d3dd81094812d1517573d						原始提取文件，未转换
	image.dat	tenant27.png	86895da0ec68985421c63c0005cd933c23bd63cb5b9f4c35c64651514e4907db		60	49			原始提取文件，未转换
	image.dat	tenant27.seb	2ceafed0b231bf20d3fc47bf8ebb452c9e11859890a497414b29011aa1891ae1						原始提取文件，未转换
	image.dat	tenant28.png	dbe956b99f5118ad408de1b1dcc7330ea1fc37bda224ea2117b4f86200f09aca		60	65			原始提取文件，未转换
	image.dat	tenant28.seb	140a61fe33f0a2c5176a4fdb53e8ceb5a9b1094d416c42fcf5676c2c78b14911						原始提取文件，未转换
	image.dat	tree00.seb	f4bf7a06f88545176b5732cf9bda07841e8eb1bbc25893b2e03115d1a940ac0c						原始提取文件，未转换
	image.dat	tree01.seb	88eb18d80e3ba73c71aa8d65f8c2c3eebe4e6dc954994d3c46a57240b2ba3e6e						原始提取文件，未转换
	image.dat	tree02.seb	37c20f2ad2be1bc8fdc5a8e178a6ad6240b0a0ab79b8e212e9ed98735dfe7e35						原始提取文件，未转换
	image.dat	tree03.seb	90a7c3c0f4c61f67ac2b56e402ea9bfeb1f4cb4bc145de1d368b480823290a81						原始提取文件，未转换
	load.dat	boot_back00.png	bebf4e25023802268d0ee273382c58a491fe0518a784b5952d3f9149d65a0ff8		152	61			原始提取文件，未转换
	load.dat	boot_back01.png	51932be29afed32dfc58fe3954a8b196402103fd21279cd84081d7d092740f06		7	240			原始提取文件，未转换
	load.dat	boot_chara00.png	458f833b2311f7743aed27e7c2a4ae70ba723dd0fe5cb770de29284e0a3d5c33		62	102			原始提取文件，未转换
	load.dat	boot_chara_walk00.seb	a223480855422e141577730ae7e2eb50d95054de4fd6d5bf0399d849ac821ac8						原始提取文件，未转换
	load.dat	boot_chara_walk01.seb	9a1433c0d3dd73945c21cc4f80e0353f7bfa008ce3a4daa2e72135f44c09f8b8						原始提取文件，未转换
	load.dat	boot_chara_walk02.seb	9743af0571ef34082fdbaac178a07c1bf5fa079c953ab94b3d54faf6c612e893						原始提取文件，未转换
	load.dat	boot_chara_walk03.seb	879116512340be0b1eb81a332eff3b74092dab95005c65eef37faaa91f35b91e						原始提取文件，未转换
	load.dat	boot_logo.seb	68a52d9dacf1b65adb1ec943a54c209a59577f53ec632163bc182ca97a289d47						原始提取文件，未转换
	load.dat	boot_weapon.seb	20a1f8b959d8dda4eae8c09fe69515d4b08b35394fc8384d5cd88862f8e27842						原始提取文件，未转换
	load.dat	img.inf	30e332cda309d1ec94f648ba98187a235d91b7adb69907b451d015303a7e842c						原始提取文件，未转换
	load.dat	seb.inf	38fb9d8901757f5b20fbc323630a2a4f5e48c0c723b8114c7ba121ede0ddbe00						原始提取文件，未转换
	monster.dat	img.inf	fc74eb9c61c55b53f741ff68a89a6ff3cecf2c9fe750b53f76bc81dccba133c8						原始提取文件，未转换
	monster.dat	monsterL00.png	f9e583179c8773aff0c6e007baf215aaa5942ca0d646dc8ad6e4f85bb675a45b		90	120			原始提取文件，未转换
	monster.dat	monsterL00_face.seb	321a39502927f7b877f6cb73917a63590c2b7bf1d71301f2d8fdd5948b9eb28c						原始提取文件，未转换
	monster.dat	monsterL01.png	18422afec5ad5f89e18b9bd9d4c5b64ab23346135739cdd4202f668c3a5a11ec		90	120			原始提取文件，未转换
	monster.dat	monsterL01_face.seb	67842b27f414cd85711741e6af5bcfbafe685002ed492403b2e93948bb0dc345						原始提取文件，未转换
	monster.dat	monsterL02.png	951cd9eb8e16b2c20846774c62a34b19e6ef52612ced58f3cbc9c5aa06a43fec		90	120			原始提取文件，未转换
	monster.dat	monsterL02_face.seb	b1ef18857cb0f958b66c148894a019445762cb559dcd4ed41307282c3bb412e1						原始提取文件，未转换
	monster.dat	monsterL03.png	9ab54da82c03d91d2582132e5faa67aa0d61f94c1830f5023f57e0cfd493848e		90	120			原始提取文件，未转换
	monster.dat	monsterL03_face.seb	b781c29194beaf24a92a9b0adfba8b84bf55b174024d2018c7c8c3776422b6f6						原始提取文件，未转换
	monster.dat	monsterL04.png	fbee913a0b3aafb88aa5f4677ba6678f506ffe3bac87ad2714f375b0c416f520		90	120			原始提取文件，未转换
	monster.dat	monsterL04_face.seb	935d525d780513ec538d4116ad96393e78c6d6b5d66b1325708c59dda28a3c20						原始提取文件，未转换
	monster.dat	monsterL05.png	2add725a8e50c9fa29d82150f424334a6c0a492dd6b2e54c09caf2c844475f98		90	120			原始提取文件，未转换
	monster.dat	monsterL05_face.seb	7b38238401ff4bce62b724d5bb0c9b8a0cacd92b286817ffc5c677e7019386ae						原始提取文件，未转换
	monster.dat	monsterL06.png	1bef1c3853dfcdcb017665912e6dc7018b9e29e32d09a1a9923618ee3404e974		90	120			原始提取文件，未转换
	monster.dat	monsterL06_face.seb	63f4c85c0e640d55c01bf886f81ef798c8de57da25ebdff2b0dc5637d5b382ed						原始提取文件，未转换
	monster.dat	monsterL07.png	ecfc4bc1f887cc2186db0c66d30221993a3d34c44a396d13f814fc0cd4145533		90	120			原始提取文件，未转换
	monster.dat	monsterL07_face.seb	84e536fe2c082a04c1c4e154af99aa19241bab28067d1096df08a0baaff8e8d8						原始提取文件，未转换
	monster.dat	monsterLL00.png	3b9b499af4705ab5dffa51ce80863313c44049cf2abab8e1893803c2969315d9		240	240			原始提取文件，未转换
	monster.dat	monsterLL00_face.seb	e5ac3134e4df4e242f51076fb30cebd7e5c38630c29ebbfe59fb827598bde646						原始提取文件，未转换
	monster.dat	monsterLL01.png	c43b5464cc787203be565bf950fd8511bf5ccac91035437d74040b41ff10bf46		240	240			原始提取文件，未转换
	monster.dat	monsterLL01_face.seb	611095c5f2473339be58970310dc21ba0ea1ed0f6215033f7c916fb7cedde6f1						原始提取文件，未转换
	monster.dat	monsterLL02.png	b8eab2572e2942ac8ce6552483b43114d9a5de9d6051698c13fda98d9686292c		240	240			原始提取文件，未转换
	monster.dat	monsterLL02_face.seb	6a8148f2be1632733d26388f5745b3b0520f547910b8efe624e0b5f3e9617e57						原始提取文件，未转换
	monster.dat	monsterLL03.png	fdf8c663bc1f65b7bf750ef5010dba4e11ea9e7bced41e31ac2525ada35992b9		240	240			原始提取文件，未转换
	monster.dat	monsterLL03_face.seb	496aff775b10521df59069e959b38f1add49d475fddb96ab26ccb099905ac73e						原始提取文件，未转换
	monster.dat	monsterLL04.png	059ce590087f703d7bfb8033cf16dba85057683b98839e3474f6c56213ee3960		240	240			原始提取文件，未转换
	monster.dat	monsterLL04_face.seb	904bee451305ba40e2b0bc38c0b866063d93b414cbe1c2ce368d103fc66a08a7						原始提取文件，未转换
	monster.dat	monsterLL05.png	f2d686880a872371f7edc062bf8a8778fba0280f832f02053245e38a96714dff		240	240			原始提取文件，未转换
	monster.dat	monsterLL05_face.seb	aa410d86eb1bd828b64d8065fe9d00d52a4602be70da66389b54be7015d4bfed						原始提取文件，未转换
	monster.dat	monsterM00.png	ecc280acff0ee01d164be9e5d1f720770b349ae9e3aa694cc3d5df5074f21363		60	112			原始提取文件，未转换
	monster.dat	monsterM00_face.seb	8445454271fa560ec85cadbe8dff1ed1ab710146fc9b2af297bce1459b1bcb27						原始提取文件，未转换
	monster.dat	monsterM01.png	0b5ef1edc327da974d417e2a4e04ce482207ff72bf298f6c2df510067a8faf82		60	112			原始提取文件，未转换
	monster.dat	monsterM01_face.seb	64c36cf1a9b4117a84c29660c403fe49a26849eda552989a9a8e01afbeb5f6c4						原始提取文件，未转换
	monster.dat	monsterM02.png	b9d4f8728dd0fcbcdc5ac6f27b8927380d4619494737dc297d37de1bb486d0e1		60	112			原始提取文件，未转换
	monster.dat	monsterM02_face.seb	86e7d885c271a4ae962ee2d04c8b708da3fece20483a2a1189314ca7d0128473						原始提取文件，未转换
	monster.dat	monsterM03.png	c06ae2ef0371aa7f4b4c0771bd01368f125208a57161922d1e63b311f2b84d5e		60	112			原始提取文件，未转换
	monster.dat	monsterM03_face.seb	88b093a77d25c7fbc4e70da528b56f71b5898aa4a9b19200aa566d243c8e9b3c						原始提取文件，未转换
	monster.dat	monsterM04.png	5e4d8242d651da5438d3b7345a643c5f01835f592704332bd29f6a400de63939		60	112			原始提取文件，未转换
	monster.dat	monsterM04_face.seb	87603cdec67a526b33ac7c46a29ea432320eb41a8d9a7677162114ad6b00f685						原始提取文件，未转换
	monster.dat	monsterM05.png	4c87270962d0f42f33bb3c316e6d820ac387109361113c415c515fe52dd16f61		60	112			原始提取文件，未转换
	monster.dat	monsterM05_face.seb	bbb7673cad0340fe8fa90ceaf866a49555367dbed9768ee4009648a508374834						原始提取文件，未转换
	monster.dat	monsterM06.png	25c3a8210a2332ecb4f0790f6b3b08f2247dccf9d8d1a880705cc32998d35989		60	112			原始提取文件，未转换
	monster.dat	monsterM06_face.seb	04cf3e672398833b0ae9e1bbf84fece6bec41f5a8a6f2f4abadd4881944d9900						原始提取文件，未转换
	monster.dat	monsterM07.png	81d21c89e43099239fb422423932fa8db42ebf3b63c9817f2f35274313101b1b		60	112			原始提取文件，未转换
	monster.dat	monsterM07_face.seb	1c8fe85e3d43237bb932fb1f94cb44f8e026988570402871ccf9588af5268e9c						原始提取文件，未转换
	monster.dat	monsterM08.png	2b53c865b73604743d4e30d41627047d8acbb367cc6c49b16bdeb8aa3faaef0d		60	112			原始提取文件，未转换
	monster.dat	monsterM08_face.seb	0af2cc02ef96969f0ef5d8f75395ef751aca0835cb3908245d0dbb04f15599bd						原始提取文件，未转换
	monster.dat	monsterM09.png	42e75083f9919f446d09e7f052c387aee66758752ab66234b15bab357b67daf6		60	112			原始提取文件，未转换
	monster.dat	monsterM09_face.seb	e7ae04c4a88bba5f526c2ad6af9ec9002ef443f63e77d88f60ccecca95499cbd						原始提取文件，未转换
	monster.dat	monsterM10.png	6f3753001b0a2f526443aba006213cc917a9e652ba4ef7f8acf29617adc85176		60	112			原始提取文件，未转换
	monster.dat	monsterM10_face.seb	7df7eeff395e5b69e03889b597893898f2fe33f1e8d7b9c175f2f05d979db1d0						原始提取文件，未转换
	monster.dat	monsterM11.png	c47f69e8c60b6f7c6c9067dd4476fc7327e79b39502e75f8d4e1777ac8ebc7a7		60	112			原始提取文件，未转换
	monster.dat	monsterM11_face.seb	83f4d4e34e297c438f074f2490e9445b6fe941e02308e57c024379e8af94c812						原始提取文件，未转换
	monster.dat	monsterS00.png	d76b6b5d9f586cc1574509081e77315db411e129973e763d5cd2939ba7fcfbf4		48	64			原始提取文件，未转换
	monster.dat	monsterS00_face.seb	68a438ce55a0308829bb993eae83e8c0c9a658b49c99ffef2addbf939f5d157b						原始提取文件，未转换
	monster.dat	monsterS01.png	3394e991c31bff6845c0b713418564339e420f399d6e373e52678ec392b80448		48	64			原始提取文件，未转换
	monster.dat	monsterS01_face.seb	95c458f06e0f72ec3da7808f5d3d775f908b5bd4e0f1e4d3fdaabf7369bd6266						原始提取文件，未转换
	monster.dat	monsterS02.png	e3e1c37811f4a1b68b5bc180e48e2fe0471d02eca9d9154b62ad3fa56e799501		48	64			原始提取文件，未转换
	monster.dat	monsterS02_face.seb	1a4134c984f0dc6f904b36a0d34a0fd2395f5eb2d916e31b3a7acc9ed37ad282						原始提取文件，未转换
	monster.dat	monsterS03.png	415f6e18e28b71b7a4ef042b3b2738ca059c2b2c0f894a9f591873513403e7f7		48	64			原始提取文件，未转换
	monster.dat	monsterS03_face.seb	af60dd5d6dac665975cb95be431526f4e19708374800cea125930134b450946a						原始提取文件，未转换
	monster.dat	monsterS04.png	baac95fcd27bd4928707df7e2afaa4fd8c69eb728c251f4df67b958b1fe151d3		48	64			原始提取文件，未转换
	monster.dat	monsterS04_face.seb	7a7178c845f8b4c08ed05013ebe0f20b077327b58d0d8019da26860854c6bafc						原始提取文件，未转换
	monster.dat	monsterS05.png	108d5042841f7480157a2e86a259299e7f79da5f516ea9a8755e8874e57fb49c		48	64			原始提取文件，未转换
	monster.dat	monsterS05_face.seb	b6dd2da70cb6f55167892eb4b8e42703f8a45e6bbb1eef74a9d76714fcd620cb						原始提取文件，未转换
	monster.dat	monsterS06.png	89bed8e1ea87b6b1a2afcff208d97f25a9157cdb7dde29ebd30f99a899bdcaf7		48	64			原始提取文件，未转换
	monster.dat	monsterS06_face.seb	b7c1dc80a42707eb20294e14687094514649113c94e56ea860b9749218fd61df						原始提取文件，未转换
	monster.dat	monsterS07.png	4f2e371e253dc73996ddf2d34d5e69d956d8428cf0ebf84e6a71efff423ea94d		48	64			原始提取文件，未转换
	monster.dat	monsterS07_face.seb	bf9b3eff4b49dc6c37ea639a2b1ecb3955225a4d90000b72f090acf0b9320140						原始提取文件，未转换
	monster.dat	monsterS08.png	c771891f8701d383f3615f9f5884c5e3333e68b672c193a43d1430f5ba750da7		48	64			原始提取文件，未转换
	monster.dat	monsterS08_face.seb	7f15c68acacb9122ae8627a947a29194f2aa4caac5817a18ec7bbe7143fede06						原始提取文件，未转换
	monster.dat	seb.inf	351a25d317de06aede7303946a17aedcf4a19bf846d5f4d3e6340b7eff8e4633						原始提取文件，未转换
	monster.dat	walk_LL_00.seb	2ea5b640fce575b59dfa498bf64a311c3d4d3b1fa4d27165c61841cdf934ca36						原始提取文件，未转换
	monster.dat	walk_LL_01.seb	fcce2fa37820c99048bafed3d6841ba92d6b45333f83593a62db586d6928fbd0						原始提取文件，未转换
	monster.dat	walk_LL_02.seb	64f63e19e2a7d89c6a636160d25a464fb95739fca7a4cdb4583b34671e5691d6						原始提取文件，未转换
	monster.dat	walk_LL_03.seb	724c1a2a8125cc83a1877e8050bb5c83aee7fa98b116314e4efdf280e9260d51						原始提取文件，未转换
	monster.dat	walk_L_00.seb	62b33657018f6b6669d8f087fcd7d43a3f9020789c937c71e20273b320094f54						原始提取文件，未转换
	monster.dat	walk_L_01.seb	8eff501329c58a5f5bb9107c61c3c689d34ce8616c33ab5244ec386016f0f774						原始提取文件，未转换
	monster.dat	walk_L_02.seb	92c406775be96b0df9e7bd788855b07cbd2c6df667269b940f4a2a4b7a537abc						原始提取文件，未转换
	monster.dat	walk_L_03.seb	7095eb878080eeed032585a451478e1041b209ba1fcf8d8b75b50b9abb40afb8						原始提取文件，未转换
	monster.dat	walk_M_00.seb	fd4536cb7c2e6bc2dafd8f639319030e437edc9400afe7efae5b4d0e69087025						原始提取文件，未转换
	monster.dat	walk_M_01.seb	0f29349f5be2818b101af6be2153ab2d5815e05d199f424eafc28814588a2cd6						原始提取文件，未转换
	monster.dat	walk_M_02.seb	df5d8ea82e10fd621b5bada8f4a4986af20bfab030a6f3895fd34a4118f31285						原始提取文件，未转换
	monster.dat	walk_M_03.seb	44003f920a3d51aa1b28969dad3abcb51ddce0d2a4b8c76968a7be416953f5cf						原始提取文件，未转换
	monster.dat	walk_S_00.seb	9144b847cf0b1ad0347e0779edcf6265659e4339cac729e9cd206828322f3952						原始提取文件，未转换
	monster.dat	walk_S_01.seb	5cd366d753a215a39e86533d1835c4022384f3ef8b6a06ec0f5dcfe78c69e0be						原始提取文件，未转换
	monster.dat	walk_S_02.seb	f94b6315613dfd0f05492c4e20c07fdd293356e1c950a8a6694803ce012f97b2						原始提取文件，未转换
	monster.dat	walk_S_03.seb	e663f0bbade5640d51688436f733aa2ea8e876d917c1c732f69aba3c0d3a7431						原始提取文件，未转换
	test.dat	img.inf	e3b0c44298fc1c149afbf4c8996fb92427ae41e4649b934ca495991b7852b855						原始提取文件，未转换
	test.dat	seb.inf	e3b0c44298fc1c149afbf4c8996fb92427ae41e4649b934ca495991b7852b855						原始提取文件，未转换
	title.dat	img.inf	18a7b9d7743d87c37f8f06ca9eb9345743ca2827f632d59edde69342b75cca1f						原始提取文件，未转换
	title.dat	kairoAd.png	2ebdd7c5a1ae50556da51dfe69d4e862fc439563c9eb13525e96f538ea26642e		240	63			原始提取文件，未转换
	title.dat	seb.inf	e3b0c44298fc1c149afbf4c8996fb92427ae41e4649b934ca495991b7852b855						原始提取文件，未转换
	title.dat	title00.png	bfd506538ad546e671e33519a51b23941a09d6cb98c4398b688df5afab85f3a5		240	330			原始提取文件，未转换
	title.dat	title_cursor.png	09b2e1fb2e2d4747d74d1b4b6e1ee25a86af62f1d13f43f0d8cfc7480c5deb82		28	23			原始提取文件，未转换
	title.dat	title_grass.png	ceacff087df46f74ccf116b54281ba0decbbc306dfb7dac0be6326d70a1c21b0		240	18			原始提取文件，未转换
	title.dat	title_logo.png	9e8e90d9b1ed405c2019d90555f8da275d54df61502e42c6c1de18b4ddf72d97		236	115			原始提取文件，未转换
	title.dat	title_window.png	65e082c57f226bd516033390556e669eca2815bdc90f55bf7010054ec7dacdc4		98	68			原始提取文件，未转换
	weapon.dat	ax00.png	1bdec5ff9658710eba6a3d15b573c283bb2df6673d4daf557f7ff4e6e640a490		105	100			原始提取文件，未转换
	weapon.dat	ax01.png	a152cc64989426afc2d23bb288b9ae4c9333e41334f73ab5a5c47623d5258eb4		105	100			原始提取文件，未转换
	weapon.dat	ax02.png	9d1dce056e082bf44ce901ff99f302f8ac54722470da449319fe9e5110d1d60e		105	100			原始提取文件，未转换
	weapon.dat	ax03.png	217ed8d6d2d123b4793264f8d384a51aa8cd263ff9d6553c2e6645edf097150d		105	100			原始提取文件，未转换
	weapon.dat	ax04.png	fe0da86974b0aa27458f0d6b56b113a3e7859580f2e15d7569b309fe902e5954		105	100			原始提取文件，未转换
	weapon.dat	ax05.png	d7a7bd76d536a4b945c583d9111c90c91370010aeb6c5e0060b4d0e98ccc70f5		105	100			原始提取文件，未转换
	weapon.dat	bow00.png	b2a10a620464e630024fd11e75ec1ace87d030971b97e71d799b27d73fba39ef		63	100			原始提取文件，未转换
	weapon.dat	bow00.seb	105e2c48c34c3e2cc4f2bad48fdf0612fe24e934787001f2b52a1dd53af87f41						原始提取文件，未转换
	weapon.dat	bow01.png	834c655b992e187eb2c540e6061a5b167f115371821e9cae975d091cc5248dc8		63	100			原始提取文件，未转换
	weapon.dat	bow01.seb	5d6ab8238c5e7e8003086345efcca8e41961308e3e5105f5df2aef6b643bf7a3						原始提取文件，未转换
	weapon.dat	bow02.png	f9911a94e68036643901ef5becd2c1ee1369529538f0f4078f59adb88ce028fc		63	100			原始提取文件，未转换
	weapon.dat	bow02.seb	bdac70dc5b6b132c77a55019549d7b7a7189649b57671f90a84f8f209934647c						原始提取文件，未转换
	weapon.dat	bow03.png	d3d8b4108dbe994a46ef281a21f2df0b9f298f44959d2def3f3ae83e1bce7971		63	100			原始提取文件，未转换
	weapon.dat	bow03.seb	674d0cd458ffd6c9d5a6eb5d665862e1f667b37ff27a42ac2bb62f34644c016e						原始提取文件，未转换
	weapon.dat	bow04.png	b5d0d7753654d90b1bbee4a79ce6d1c2b2d87dfd73bf314cbc5f9dae41aa85b2		63	100			原始提取文件，未转换
	weapon.dat	bow05.png	078ec46c15d3610ec1adfa0e1f0a07e18e382b9fd48e7593ec7df3eb776d2cda		63	100			原始提取文件，未转换
	weapon.dat	cane00.png	b6c7b5e608b6609df30512758dc0b5cb0608cc1da3f5ba970a047648ed8d53d6		105	100			原始提取文件，未转换
	weapon.dat	cane01.png	37d5248f0f26de99b073d20adc1cec9875d91610684866d75791ddf634334dcc		105	100			原始提取文件，未转换
	weapon.dat	cane02.png	e03ac14128ab9857562c7e712c66fd4794ec1ded1627a5241f577c81ac20c31a		105	100			原始提取文件，未转换
	weapon.dat	cane03.png	6be2d54eae5b78487b890c8451b2fa2fd8d472fe504e9fdc1e763fe29d0b8808		105	100			原始提取文件，未转换
	weapon.dat	cane04.png	f6861b2c4a268fa1326a74258c8f98486f50897e596ba8e586efce32447cb704		105	100			原始提取文件，未转换
	weapon.dat	cane05.png	032b577d111989b6af521dc06102b67b4bb45dcc6fa31a71db508198fc824e6d		105	100			原始提取文件，未转换
	weapon.dat	greatSword00.png	c965e06cfebb00e12206cf14f775b48ed7c4960cf097c2fcc5431fd0802896b8		160	140			原始提取文件，未转换
	weapon.dat	greatSword00.seb	e653e42ec70c3607613f59d13b4aba778ce6f55b0c3e2e997b2935fbed7591a4						原始提取文件，未转换
	weapon.dat	greatSword01.seb	04772c886a31b2b1447a8c7cc99779ef63a357df1cd4d463654dd364089df184						原始提取文件，未转换
	weapon.dat	greatSword02.seb	6bc511b658a1f21d18568f89183a04022408415cf440c1152c78c842a0777da8						原始提取文件，未转换
	weapon.dat	greatSword03.seb	0155611cb823f09533c353936537051196c36fb0fffc3752aa6c1b1cd08fd008						原始提取文件，未转换
	weapon.dat	img.inf	54da1627935d79d80c3844ae037abaebb0e3b642685f9b95fdd2e656648ef7f9						原始提取文件，未转换
	weapon.dat	seb.inf	3de3d6e4b87b11e9548e942b3813e7d261b93ea2e3839d9306a3cf07d02c0eab						原始提取文件，未转换
	weapon.dat	spear00.png	75dc97d09a6d5cf6c200761a179957e7e1c6ce790933873704f9219fc5a266fc		78	112			原始提取文件，未转换
	weapon.dat	spear00.seb	2de0628b078883e98d129e2afc6d9c8b2b9cd3b4d9373cffcb3755804e18ec89						原始提取文件，未转换
	weapon.dat	spear01.png	e3ccd6aa70a9903c67a1a610c117d707c5191b040d0e1274961ce165f1061654		78	112			原始提取文件，未转换
	weapon.dat	spear01.seb	767b2a2542fd3ae8e569db45b6ddb833424e9a1cf2a255d47b13abe90f0ae900						原始提取文件，未转换
	weapon.dat	spear02.png	42ad84d77b2552275b5a4c22ec857343be3a0cdd45991ad896a7f95d22917226		78	112			原始提取文件，未转换
	weapon.dat	spear02.seb	217f6a2c8996077b3ad640a7d38350f1492f7e3ee0efd0890d873a6203af7325						原始提取文件，未转换
	weapon.dat	spear03.png	c6a8a76a52b4b5308a51e86eb0074ca2d9216754448c52682fd251f6235223f1		78	112			原始提取文件，未转换
	weapon.dat	spear03.seb	8e2ddb77c321043544d153abdb92bb342b5d89314144deca1189a67593b42a23						原始提取文件，未转换
	weapon.dat	spear04.png	41f3ec13b8849dec5c170e6e533894d38e36fb13d8f004366cb8bfb8f727b665		78	112			原始提取文件，未转换
	weapon.dat	spear05.png	77d0a492ebd4716a7bac867d94cee82b4c3df7bd3eaea8151706eeb88a004148		78	112			原始提取文件，未转换
	weapon.dat	spear06.png	a16c9839c9b80bf39bbbf65878f1a1084d97c57a10af69a41b403c3217b75420		78	112			原始提取文件，未转换
	weapon.dat	sword00.png	ab5e9c4d6ac02c978c58e8d7bb7e19e4699a0538cb9fe1844bb4c4ac5994ef3b		105	100			原始提取文件，未转换
	weapon.dat	sword00.seb	cbf2a6ad91885351e5c9ef99b15feaca0c7325bf6b2633c5f817af56b67d2034						原始提取文件，未转换
	weapon.dat	sword01.png	0bd8ad08f4e01549b3f5618af94ea5265cfb904d441215766e8cad1a1a93c6fc		105	100			原始提取文件，未转换
	weapon.dat	sword01.seb	ba42e8f2c032d97fb8bfbbf65190c01a352a991d626cd63aac007e8b09937b3a						原始提取文件，未转换
	weapon.dat	sword02.png	1a05b3f2a45b90bd1ea6839e2cb9f284d68dec4a7f4b78997686a79b91a7019c		105	100			原始提取文件，未转换
	weapon.dat	sword02.seb	980d4d67b589f91be3202f49569e752370580efa2f7fc48af04fdea6b8d83bc4						原始提取文件，未转换
	weapon.dat	sword03.png	03618b7e4ae957315ee44466d9801545015873532d1a1e58ad11bf83e77ea47d		105	100			原始提取文件，未转换
	weapon.dat	sword03.seb	f6d6c3460a09140856e57093d809fe06fb85f81cde9baf81bff696be32d3b0f5						原始提取文件，未转换
	weapon.dat	sword04.png	82480eaf6fa5039b63656d194c1e20528a9a73d442c2b8ae7a88fc937624dd4c		105	100			原始提取文件，未转换
	weapon.dat	sword05.png	6e3cd9e295f98f07598dd69b3cc356a15f8eb45db439aae07db8bd8396cb2594		105	100			原始提取文件，未转换
	weapon.dat	sword06.png	323d5865be73d554115786df3c056bb289824f164d1eb49caab1f215be5dace1		105	100			原始提取文件，未转换
