编号	分类	文件	用户附件	视频时间	宽	高	字节数	SHA-256
S006	设施	facilities/S006-residence-applicants.png	第二批图片1	未知	1365	768	1551721	9927f5cee34c4d48bbd78f1304d5187b3970b7d2c8fedd68f769638804e658bc
S007	城镇	town/S007-town-rank-conditions.png	第二批图片2	未知	1356	768	1638372	a7fbccf027d239aa17f6745671bdd37a69ef3f94be8639e508a871b5ff509ae8
S008	场景	scene/S008-selected-residence.png	第二批图片3	未知	1572	768	2524448	2b3ae5789f038a0707d64c1157ba1129087ab765af6c123ca358607e4db1e26c
S009	事件	events/S009-adventurer-visit.png	第二批图片4	未知	1342	768	1809197	6f955ffb9d6b1005b37d71933ba36f39216e24f72bec71f21e553128e342f60f
S010	战斗局部	battle/S010-combat-user-crop.png	第二批图片5	未知	520	356	308409	e749ad5a6cb75abc8d4985cef707cae4581db870d2100eef57fe442fe94edf27
S011	冒险	adventure/S011-recruitment-p1-1235.png	第二批图片6	P1 12:35（目录匹配）	1328	768	1437173	9aefc1a2bea328bcbfeb0cb877bd02c3b52731aa6cbc9f03b8c9d086743aa87a
S012	冒险	adventure/S012-conquest-p1-1307.png	第二批图片7	P1 13:07（目录匹配）	1337	768	1795001	bd872826a5c6bc7e2f7d1b282ada5acb653199f769fb2019333a37292ab35d93
S013	人物	characters/S013-gift-result.png	第二批图片8	未知	1303	768	1286992	0451343c10d5e781e72ba59fc0ce8689a1df98531bafafb9aaa114e0daec5884
S014	物品	items/S014-item-shop.png	第二批图片9	未知	1319	768	1291997	b931fc8ba6684a5e2dde7b42190dd959714fc01b0d9be5440acd30e055a6836f
