x	y	definition_id	legacy_state	route_category	display_id	variant	road_mask	boundary_fragment	external_direction	road_quad	edge_road_pair	legacy_instance_id	maintained_instance_id
0	0	15	12	3	13	0	0	-1	-1	0	0	-1	0
1	0	15	12	3	13	0	0	-1	-1	0	0	-1	0
2	0	15	12	3	13	0	0	-1	-1	0	0	-1	0
3	0	16	12	3	16	0	0	-1	-1	0	0	-1	0
4	0	2	12	3	14	0	0	-1	-1	0	0	-1	0
5	0	15	12	3	13	0	0	-1	-1	0	0	-1	0
6	0	16	12	3	16	0	0	-1	-1	0	0	-1	0
7	0	15	12	3	13	0	0	-1	-1	0	0	-1	0
8	0	15	12	3	13	0	0	-1	-1	0	0	-1	0
9	0	16	12	3	16	0	0	-1	-1	0	0	-1	0
10	0	2	12	3	14	0	0	-1	-1	0	0	-1	0
11	0	18	3	1	37	7	7	-1	-1	0	1	-1	0
12	0	18	3	1	37	8	13	-1	-1	0	0	-1	0
13	0	15	12	3	13	0	0	-1	-1	0	0	-1	0
14	0	15	12	3	13	0	0	-1	-1	0	0	-1	0
15	0	15	12	3	13	0	0	-1	-1	0	0	-1	0
16	0	15	12	3	13	0	0	-1	-1	0	0	-1	0
17	0	15	12	3	13	0	0	-1	-1	0	0	-1	0
18	0	15	12	3	13	0	0	-1	-1	0	0	-1	0
19	0	2	12	3	14	0	0	-1	-1	0	0	-1	0
20	0	15	12	3	13	0	0	-1	-1	0	0	-1	0
21	0	15	12	3	13	0	0	-1	-1	0	0	-1	0
22	0	15	12	3	13	0	0	-1	-1	0	0	-1	0
23	0	15	12	3	13	0	0	-1	-1	0	0	-1	0
0	1	15	12	3	13	0	0	-1	-1	0	0	-1	0
1	1	15	12	3	13	0	0	-1	-1	0	0	-1	0
2	1	15	12	3	13	0	0	-1	-1	0	0	-1	0
3	1	15	12	3	13	0	0	-1	-1	0	0	-1	0
4	1	16	12	3	16	0	0	-1	-1	0	0	-1	0
5	1	15	12	3	13	0	0	-1	-1	0	0	-1	0
6	1	15	12	3	13	0	0	-1	-1	0	0	-1	0
7	1	15	12	3	13	0	0	-1	-1	0	0	-1	0
8	1	17	4	2	27	2	0	-1	-1	0	0	-1	0
9	1	17	4	2	27	0	0	-1	-1	0	0	-1	0
10	1	17	4	2	27	2	0	-1	-1	0	0	-1	0
11	1	18	3	1	37	5	6	-1	-1	1	0	-1	0
12	1	18	3	1	37	4	12	-1	-1	0	0	-1	0
13	1	17	4	2	27	1	0	-1	-1	0	0	-1	0
14	1	17	4	2	27	0	0	-1	-1	0	0	-1	0
15	1	17	4	2	27	2	0	-1	-1	0	0	-1	0
16	1	17	4	2	27	1	0	-1	-1	0	0	-1	0
17	1	15	12	3	13	0	0	-1	-1	0	0	-1	0
18	1	15	12	3	13	0	0	-1	-1	0	0	-1	0
19	1	15	12	3	13	0	0	-1	-1	0	0	-1	0
20	1	15	12	3	13	0	0	-1	-1	0	0	-1	0
21	1	15	12	3	13	0	0	-1	-1	0	0	-1	0
22	1	15	12	3	13	0	0	-1	-1	0	0	-1	0
23	1	16	12	3	16	0	0	-1	-1	0	0	-1	0
0	2	15	12	3	13	0	0	-1	-1	0	0	-1	0
1	2	15	12	3	13	0	0	-1	-1	0	0	-1	0
2	2	15	12	3	13	0	0	-1	-1	0	0	-1	0
3	2	15	12	3	13	0	0	-1	-1	0	0	-1	0
4	2	15	12	3	13	0	0	-1	-1	0	0	-1	0
5	2	15	12	3	13	0	0	-1	-1	0	0	-1	0
6	2	17	5	3	27	0	0	3	-1	0	0	-1	0
7	2	17	5	3	27	0	0	1	-1	0	0	-1	0
8	2	17	5	3	27	1	0	1	-1	0	0	-1	0
9	2	17	5	3	27	0	0	1	-1	0	0	-1	0
10	2	17	5	3	27	0	0	1	-1	0	0	-1	0
11	2	75	6	4	0	0	0	-1	-1	0	0	7	8
12	2	76	6	4	1	0	0	-1	-1	0	0	6	7
13	2	17	5	3	27	0	0	1	-1	0	0	-1	0
14	2	17	5	3	27	0	0	1	-1	0	0	-1	0
15	2	17	5	3	27	0	0	1	-1	0	0	-1	0
16	2	17	5	3	27	2	0	1	-1	0	0	-1	0
17	2	17	5	3	27	0	0	5	-1	0	0	-1	0
18	2	15	12	3	13	0	0	-1	-1	0	0	-1	0
19	2	15	12	3	13	0	0	-1	-1	0	0	-1	0
20	2	17	4	2	27	0	0	-1	-1	0	0	-1	0
21	2	16	12	3	16	0	0	-1	-1	0	0	-1	0
22	2	15	12	3	13	0	0	-1	-1	0	0	-1	0
23	2	16	12	3	16	0	0	-1	-1	0	0	-1	0
0	3	15	12	3	13	0	0	-1	-1	0	0	-1	0
1	3	15	12	3	13	0	0	-1	-1	0	0	-1	0
2	3	15	12	3	13	0	0	-1	-1	0	0	-1	0
3	3	15	12	3	13	0	0	-1	-1	0	0	-1	0
4	3	16	12	3	16	0	0	-1	-1	0	0	-1	0
5	3	15	12	3	13	0	0	-1	-1	0	0	-1	0
6	3	17	5	3	27	0	0	0	-1	0	0	-1	0
7	3	17	4	2	27	2	0	-1	-1	0	0	-1	0
8	3	17	4	2	27	0	0	-1	-1	0	0	-1	0
9	3	17	4	2	27	0	0	-1	-1	0	0	-1	0
10	3	17	4	2	27	0	0	-1	-1	0	0	-1	0
11	3	18	3	1	37	3	3	-1	-1	0	0	-1	0
12	3	18	3	1	37	9	9	-1	-1	0	0	-1	0
13	3	17	4	2	27	0	0	-1	-1	0	0	-1	0
14	3	17	4	2	27	0	0	-1	-1	0	0	-1	0
15	3	17	4	2	27	0	0	-1	-1	0	0	-1	0
16	3	17	4	2	27	0	0	-1	-1	0	0	-1	0
17	3	17	5	3	27	2	0	0	-1	0	0	-1	0
18	3	17	4	2	27	1	0	-1	-1	0	0	-1	0
19	3	15	12	3	13	0	0	-1	-1	0	0	-1	0
20	3	17	4	2	27	2	0	-1	-1	0	0	-1	0
21	3	17	4	2	27	1	0	-1	-1	0	0	-1	0
22	3	15	12	3	13	0	0	-1	-1	0	0	-1	0
23	3	15	12	3	13	0	0	-1	-1	0	0	-1	0
0	4	15	12	3	13	0	0	-1	-1	0	0	-1	0
1	4	16	12	3	16	0	0	-1	-1	0	0	-1	0
2	4	17	4	2	27	1	0	-1	-1	0	0	-1	0
3	4	2	12	3	14	0	0	-1	-1	0	0	-1	0
4	4	15	12	3	13	0	0	-1	-1	0	0	-1	0
5	4	15	12	3	13	0	0	-1	-1	0	0	-1	0
6	4	17	5	3	27	0	0	0	-1	0	0	-1	0
7	4	17	4	2	27	0	0	-1	-1	0	0	-1	0
8	4	17	4	2	27	2	0	-1	-1	0	0	-1	0
9	4	17	4	2	27	0	0	-1	-1	0	0	-1	0
10	4	17	4	2	27	0	0	-1	-1	0	0	-1	0
11	4	18	3	1	37	7	7	-1	-1	1	0	-1	0
12	4	18	3	1	37	6	14	-1	-1	0	0	-1	0
13	4	18	3	1	37	12	8	-1	-1	0	0	-1	0
14	4	17	4	2	27	0	0	-1	-1	0	0	-1	0
15	4	17	4	2	27	0	0	-1	-1	0	0	-1	0
16	4	17	4	2	27	0	0	-1	-1	0	0	-1	0
17	4	17	5	3	27	0	0	0	-1	0	0	-1	0
18	4	15	12	3	13	0	0	-1	-1	0	0	-1	0
19	4	15	12	3	13	0	0	-1	-1	0	0	-1	0
20	4	16	12	3	16	0	0	-1	-1	0	0	-1	0
21	4	15	12	3	13	0	0	-1	-1	0	0	-1	0
22	4	15	12	3	13	0	0	-1	-1	0	0	-1	0
23	4	16	12	3	16	0	0	-1	-1	0	0	-1	0
0	5	2	12	3	14	0	0	-1	-1	0	0	-1	0
1	5	15	12	3	13	0	0	-1	-1	0	0	-1	0
2	5	3	12	3	15	0	0	-1	-1	0	0	-1	0
3	5	17	4	2	27	2	0	-1	-1	0	0	-1	0
4	5	15	12	3	13	0	0	-1	-1	0	0	-1	0
5	5	15	12	3	13	0	0	-1	-1	0	0	-1	0
6	5	17	5	3	27	1	0	0	-1	0	0	-1	0
7	5	17	4	2	27	0	0	-1	-1	0	0	-1	0
8	5	17	4	2	27	0	0	-1	-1	0	0	-1	0
9	5	17	4	2	27	0	0	-1	-1	0	0	-1	0
10	5	28	1	0	48	0	0	-1	-1	0	0	3	4
11	5	18	3	1	37	11	5	-1	-1	0	0	-1	0
12	5	30	1	0	50	0	0	-1	-1	0	0	4	5
13	5	66	2	3	28	0	0	-1	-1	0	0	5	6
14	5	17	4	2	27	0	0	-1	-1	0	0	-1	0
15	5	17	4	2	27	0	0	-1	-1	0	0	-1	0
16	5	17	4	2	27	0	0	-1	-1	0	0	-1	0
17	5	17	5	3	27	0	0	0	-1	0	0	-1	0
18	5	15	12	3	13	0	0	-1	-1	0	0	-1	0
19	5	15	12	3	13	0	0	-1	-1	0	0	-1	0
20	5	16	12	3	16	0	0	-1	-1	0	0	-1	0
21	5	15	12	3	13	0	0	-1	-1	0	0	-1	0
22	5	15	12	3	13	0	0	-1	-1	0	0	-1	0
23	5	16	12	3	16	0	0	-1	-1	0	0	-1	0
0	6	15	12	3	13	0	0	-1	-1	0	0	-1	0
1	6	16	12	3	16	0	0	-1	-1	0	0	-1	0
2	6	17	4	2	27	2	0	-1	-1	0	0	-1	0
3	6	2	12	3	14	0	0	-1	-1	0	0	-1	0
4	6	16	12	3	16	0	0	-1	-1	0	0	-1	0
5	6	16	12	3	16	0	0	-1	-1	0	0	-1	0
6	6	17	5	3	27	2	0	0	-1	0	0	-1	0
7	6	17	4	2	27	0	0	-1	-1	0	0	-1	0
8	6	17	4	2	27	0	0	-1	-1	0	0	-1	0
9	6	17	4	2	27	0	0	-1	-1	0	0	-1	0
10	6	33	1	0	44	0	0	-1	-1	0	0	2	3
11	6	18	3	1	37	11	5	-1	-1	0	0	-1	0
12	6	17	4	2	27	0	0	-1	-1	0	0	-1	0
13	6	17	4	2	27	0	0	-1	-1	0	0	-1	0
14	6	17	4	2	27	1	0	-1	-1	0	0	-1	0
15	6	17	4	2	27	0	0	-1	-1	0	0	-1	0
16	6	17	4	2	27	0	0	-1	-1	0	0	-1	0
17	6	17	5	3	27	0	0	0	-1	0	0	-1	0
18	6	15	12	3	13	0	0	-1	-1	0	0	-1	0
19	6	15	12	3	13	0	0	-1	-1	0	0	-1	0
20	6	16	12	3	16	0	0	-1	-1	0	0	-1	0
21	6	15	12	3	13	0	0	-1	-1	0	0	-1	0
22	6	15	12	3	13	0	0	-1	-1	0	0	-1	0
23	6	16	12	3	16	0	0	-1	-1	0	0	-1	0
0	7	16	12	3	16	0	0	-1	-1	0	0	-1	0
1	7	15	12	3	13	0	0	-1	-1	0	0	-1	0
2	7	15	12	3	13	0	0	-1	-1	0	0	-1	0
3	7	15	12	3	13	0	0	-1	-1	0	0	-1	0
4	7	15	12	3	13	0	0	-1	-1	0	0	-1	0
5	7	17	4	2	27	1	0	-1	-1	0	0	-1	0
6	7	17	5	3	27	0	0	0	-1	0	0	-1	0
7	7	17	4	2	27	2	0	-1	-1	0	0	-1	0
8	7	17	4	2	27	0	0	-1	-1	0	0	-1	0
9	7	17	4	2	27	0	0	-1	-1	0	0	-1	0
10	7	17	4	2	27	0	0	-1	-1	0	0	-1	0
11	7	18	3	1	37	11	5	-1	-1	0	0	-1	0
12	7	17	4	2	27	0	0	-1	-1	0	0	-1	0
13	7	17	4	2	27	0	0	-1	-1	0	0	-1	0
14	7	17	4	2	27	0	0	-1	-1	0	0	-1	0
15	7	17	4	2	27	0	0	-1	-1	0	0	-1	0
16	7	17	4	2	27	0	0	-1	-1	0	0	-1	0
17	7	17	5	3	27	0	0	0	-1	0	0	-1	0
18	7	3	12	3	15	0	0	-1	-1	0	0	-1	0
19	7	17	4	2	27	1	0	-1	-1	0	0	-1	0
20	7	16	12	3	16	0	0	-1	-1	0	0	-1	0
21	7	16	12	3	16	0	0	-1	-1	0	0	-1	0
22	7	15	12	3	13	0	0	-1	-1	0	0	-1	0
23	7	2	12	3	14	0	0	-1	-1	0	0	-1	0
0	8	15	12	3	13	0	0	-1	-1	0	0	-1	0
1	8	15	12	3	13	0	0	-1	-1	0	0	-1	0
2	8	15	12	3	13	0	0	-1	-1	0	0	-1	0
3	8	15	12	3	13	0	0	-1	-1	0	0	-1	0
4	8	15	12	3	13	0	0	-1	-1	0	0	-1	0
5	8	15	12	3	13	0	0	-1	-1	0	0	-1	0
6	8	17	5	3	27	0	0	0	-1	0	0	-1	0
7	8	17	4	2	27	2	0	-1	-1	0	0	-1	0
8	8	17	4	2	27	1	0	-1	-1	0	0	-1	0
9	8	17	4	2	27	0	0	-1	-1	0	0	-1	0
10	8	17	4	2	27	2	0	-1	-1	0	0	-1	0
11	8	18	3	1	37	11	5	-1	-1	0	0	-1	0
12	8	17	4	2	27	0	0	-1	-1	0	0	-1	0
13	8	17	4	2	27	0	0	-1	-1	0	0	-1	0
14	8	17	4	2	27	0	0	-1	-1	0	0	-1	0
15	8	17	4	2	27	0	0	-1	-1	0	0	-1	0
16	8	17	4	2	27	0	0	-1	-1	0	0	-1	0
17	8	17	5	3	27	1	0	0	-1	0	0	-1	0
18	8	15	12	3	13	0	0	-1	-1	0	0	-1	0
19	8	17	4	2	27	1	0	-1	-1	0	0	-1	0
20	8	17	4	2	27	2	0	-1	-1	0	0	-1	0
21	8	16	12	3	16	0	0	-1	-1	0	0	-1	0
22	8	15	12	3	13	0	0	-1	-1	0	0	-1	0
23	8	16	12	3	16	0	0	-1	-1	0	0	-1	0
0	9	15	12	3	13	0	0	-1	-1	0	0	-1	0
1	9	15	12	3	13	0	0	-1	-1	0	0	-1	0
2	9	15	12	3	13	0	0	-1	-1	0	0	-1	0
3	9	16	12	3	16	0	0	-1	-1	0	0	-1	0
4	9	15	12	3	13	0	0	-1	-1	0	0	-1	0
5	9	15	12	3	13	0	0	-1	-1	0	0	-1	0
6	9	17	5	3	27	0	0	0	-1	0	0	-1	0
7	9	17	4	2	27	0	0	-1	-1	0	0	-1	0
8	9	17	4	2	27	0	0	-1	-1	0	0	-1	0
9	9	17	4	2	27	0	0	-1	-1	0	0	-1	0
10	9	17	4	2	27	0	0	-1	-1	0	0	-1	0
11	9	18	3	1	37	5	6	-1	-1	0	0	-1	0
12	9	18	3	1	37	12	8	-1	-1	0	0	-1	0
13	9	17	4	2	27	0	0	-1	-1	0	0	-1	0
14	9	17	4	2	27	0	0	-1	-1	0	0	-1	0
15	9	17	4	2	27	2	0	-1	-1	0	0	-1	0
16	9	17	4	2	27	2	0	-1	-1	0	0	-1	0
17	9	17	5	3	27	0	0	0	-1	0	0	-1	0
18	9	15	12	3	13	0	0	-1	-1	0	0	-1	0
19	9	15	12	3	13	0	0	-1	-1	0	0	-1	0
20	9	15	12	3	13	0	0	-1	-1	0	0	-1	0
21	9	15	12	3	13	0	0	-1	-1	0	0	-1	0
22	9	15	12	3	13	0	0	-1	-1	0	0	-1	0
23	9	15	12	3	13	0	0	-1	-1	0	0	-1	0
0	10	16	12	3	16	0	0	-1	-1	0	0	-1	0
1	10	15	12	3	13	0	0	-1	-1	0	0	-1	0
2	10	15	12	3	13	0	0	-1	-1	0	0	-1	0
3	10	15	12	3	13	0	0	-1	-1	0	0	-1	0
4	10	15	12	3	13	0	0	-1	-1	0	0	-1	0
5	10	17	4	2	27	2	0	-1	-1	0	0	-1	0
6	10	17	5	3	27	0	0	4	-1	0	0	-1	0
7	10	17	5	3	27	0	0	1	-1	0	0	-1	0
8	10	17	5	3	27	0	0	1	-1	0	0	-1	0
9	10	17	5	3	27	0	0	1	-1	0	0	-1	0
10	10	17	5	3	27	0	0	1	-1	0	0	-1	0
11	10	83	7	4	27	0	0	-1	2	0	0	0	1
12	10	84	7	4	27	0	0	-1	3	0	0	1	2
13	10	17	5	3	27	0	0	1	-1	0	0	-1	0
14	10	17	5	3	27	0	0	1	-1	0	0	-1	0
15	10	17	5	3	27	0	0	1	-1	0	0	-1	0
16	10	17	5	3	27	0	0	1	-1	0	0	-1	0
17	10	17	5	3	27	0	0	2	-1	0	0	-1	0
18	10	15	12	3	13	0	0	-1	-1	0	0	-1	0
19	10	15	12	3	13	0	0	-1	-1	0	0	-1	0
20	10	15	12	3	13	0	0	-1	-1	0	0	-1	0
21	10	15	12	3	13	0	0	-1	-1	0	0	-1	0
22	10	2	12	3	14	0	0	-1	-1	0	0	-1	0
23	10	16	12	3	16	0	0	-1	-1	0	0	-1	0
0	11	15	12	3	13	0	0	-1	-1	0	0	-1	0
1	11	2	12	3	14	0	0	-1	-1	0	0	-1	0
2	11	15	12	3	13	0	0	-1	-1	0	0	-1	0
3	11	15	12	3	13	0	0	-1	-1	0	0	-1	0
4	11	15	12	3	13	0	0	-1	-1	0	0	-1	0
5	11	15	12	3	13	0	0	-1	-1	0	0	-1	0
6	11	15	12	3	13	0	0	-1	-1	0	0	-1	0
7	11	17	4	2	27	1	0	-1	-1	0	0	-1	0
8	11	17	4	2	27	0	0	-1	-1	0	0	-1	0
9	11	17	4	2	27	0	0	-1	-1	0	0	-1	0
10	11	17	4	2	27	0	0	-1	-1	0	0	-1	0
11	11	18	3	1	37	13	1	-1	-1	0	0	-1	0
12	11	17	4	2	27	0	0	-1	-1	0	0	-1	0
13	11	17	4	2	27	0	0	-1	-1	0	0	-1	0
14	11	17	4	2	27	0	0	-1	-1	0	0	-1	0
15	11	17	4	2	27	0	0	-1	-1	0	0	-1	0
16	11	17	4	2	27	0	0	-1	-1	0	0	-1	0
17	11	17	4	2	27	0	0	-1	-1	0	0	-1	0
18	11	17	4	2	27	1	0	-1	-1	0	0	-1	0
19	11	15	12	3	13	0	0	-1	-1	0	0	-1	0
20	11	15	12	3	13	0	0	-1	-1	0	0	-1	0
21	11	15	12	3	13	0	0	-1	-1	0	0	-1	0
22	11	15	12	3	13	0	0	-1	-1	0	0	-1	0
23	11	16	12	3	16	0	0	-1	-1	0	0	-1	0
0	12	15	12	3	13	0	0	-1	-1	0	0	-1	0
1	12	17	4	2	27	2	0	-1	-1	0	0	-1	0
2	12	15	12	3	13	0	0	-1	-1	0	0	-1	0
3	12	2	12	3	14	0	0	-1	-1	0	0	-1	0
4	12	17	4	2	27	0	0	-1	-1	0	0	-1	0
5	12	17	4	2	27	1	0	-1	-1	0	0	-1	0
6	12	15	12	3	13	0	0	-1	-1	0	0	-1	0
7	12	2	12	3	14	0	0	-1	-1	0	0	-1	0
8	12	17	4	2	27	0	0	-1	-1	0	0	-1	0
9	12	17	4	2	27	0	0	-1	-1	0	0	-1	0
10	12	17	4	2	27	0	0	-1	-1	0	0	-1	0
11	12	18	3	1	37	11	5	-1	-1	0	0	-1	0
12	12	17	4	2	27	0	0	-1	-1	0	0	-1	0
13	12	17	4	2	27	0	0	-1	-1	0	0	-1	0
14	12	17	4	2	27	2	0	-1	-1	0	0	-1	0
15	12	17	4	2	27	0	0	-1	-1	0	0	-1	0
16	12	17	4	2	27	2	0	-1	-1	0	0	-1	0
17	12	2	12	3	14	0	0	-1	-1	0	0	-1	0
18	12	15	12	3	13	0	0	-1	-1	0	0	-1	0
19	12	17	4	2	27	1	0	-1	-1	0	0	-1	0
20	12	15	12	3	13	0	0	-1	-1	0	0	-1	0
21	12	15	12	3	13	0	0	-1	-1	0	0	-1	0
22	12	2	12	3	14	0	0	-1	-1	0	0	-1	0
23	12	15	12	3	13	0	0	-1	-1	0	0	-1	0
0	13	16	12	3	16	0	0	-1	-1	0	0	-1	0
1	13	2	12	3	14	0	0	-1	-1	0	0	-1	0
2	13	15	12	3	13	0	0	-1	-1	0	0	-1	0
3	13	17	4	2	27	1	0	-1	-1	0	0	-1	0
4	13	17	4	2	27	0	0	-1	-1	0	0	-1	0
5	13	17	4	2	27	0	0	-1	-1	0	0	-1	0
6	13	15	12	3	13	0	0	-1	-1	0	0	-1	0
7	13	17	4	2	27	0	0	-1	-1	0	0	-1	0
8	13	17	4	2	27	0	0	-1	-1	0	0	-1	0
9	13	17	4	2	27	0	0	-1	-1	0	0	-1	0
10	13	17	4	2	27	0	0	-1	-1	0	0	-1	0
11	13	18	3	1	37	11	5	-1	-1	0	0	-1	0
12	13	17	4	2	27	2	0	-1	-1	0	0	-1	0
13	13	17	4	2	27	2	0	-1	-1	0	0	-1	0
14	13	3	12	3	15	0	0	-1	-1	0	0	-1	0
15	13	17	4	2	27	0	0	-1	-1	0	0	-1	0
16	13	17	4	2	27	0	0	-1	-1	0	0	-1	0
17	13	17	4	2	27	2	0	-1	-1	0	0	-1	0
18	13	17	4	2	27	0	0	-1	-1	0	0	-1	0
19	13	17	4	2	27	2	0	-1	-1	0	0	-1	0
20	13	22	12	3	41	0	0	-1	-1	0	0	-1	0
21	13	20	12	3	39	0	0	-1	-1	0	0	-1	0
22	13	19	11	3	38	0	0	-1	-1	0	0	-1	0
23	13	19	11	3	38	0	0	-1	-1	0	0	-1	0
0	14	14	12	3	11	0	0	-1	-1	0	0	-1	0
1	14	15	12	3	13	0	0	-1	-1	0	0	-1	0
2	14	15	12	3	13	0	0	-1	-1	0	0	-1	0
3	14	17	4	2	27	2	0	-1	-1	0	0	-1	0
4	14	18	3	1	37	15	2	-1	-1	0	0	-1	0
5	14	18	3	1	37	9	9	-1	-1	0	0	-1	0
6	14	2	12	3	14	0	0	-1	-1	0	0	-1	0
7	14	17	4	2	27	1	0	-1	-1	0	0	-1	0
8	14	17	4	2	27	2	0	-1	-1	0	0	-1	0
9	14	17	4	2	27	0	0	-1	-1	0	0	-1	0
10	14	17	4	2	27	0	0	-1	-1	0	0	-1	0
11	14	18	3	1	37	11	5	-1	-1	0	0	-1	0
12	14	17	4	2	27	0	0	-1	-1	0	0	-1	0
13	14	17	4	2	27	1	0	-1	-1	0	0	-1	0
14	14	16	12	3	16	0	0	-1	-1	0	0	-1	0
15	14	17	4	2	27	2	0	-1	-1	0	0	-1	0
16	14	17	4	2	27	0	0	-1	-1	0	0	-1	0
17	14	17	4	2	27	0	0	-1	-1	0	0	-1	0
18	14	17	4	2	27	0	0	-1	-1	0	0	-1	0
19	14	17	4	2	27	0	0	-1	-1	0	0	-1	0
20	14	22	12	3	41	0	0	-1	-1	0	0	-1	0
21	14	20	12	3	39	0	0	-1	-1	0	0	-1	0
22	14	19	11	3	38	0	0	-1	-1	0	0	-1	0
23	14	19	11	3	38	0	0	-1	-1	0	0	-1	0
0	15	14	12	3	11	0	0	-1	-1	0	0	-1	0
1	15	14	12	3	11	0	0	-1	-1	0	0	-1	0
2	15	14	12	3	11	0	0	-1	-1	0	0	-1	0
3	15	16	12	3	16	0	0	-1	-1	0	0	-1	0
4	15	17	4	2	27	2	0	-1	-1	0	0	-1	0
5	15	18	3	1	37	5	6	-1	-1	0	0	-1	0
6	15	18	3	1	37	1	10	-1	-1	0	0	-1	0
7	15	18	3	1	37	10	11	-1	-1	0	0	-1	0
8	15	18	3	1	37	1	10	-1	-1	0	0	-1	0
9	15	18	3	1	37	1	10	-1	-1	0	0	-1	0
10	15	18	3	1	37	10	11	-1	-1	0	0	-1	0
11	15	18	3	1	37	8	13	-1	-1	0	0	-1	0
12	15	17	4	2	27	2	0	-1	-1	0	0	-1	0
13	15	17	4	2	27	0	0	-1	-1	0	0	-1	0
14	15	17	4	2	27	0	0	-1	-1	0	0	-1	0
15	15	17	4	2	27	0	0	-1	-1	0	0	-1	0
16	15	17	4	2	27	0	0	-1	-1	0	0	-1	0
17	15	17	4	2	27	0	0	-1	-1	0	0	-1	0
18	15	17	4	2	27	2	0	-1	-1	0	0	-1	0
19	15	17	4	2	27	0	0	-1	-1	0	0	-1	0
20	15	22	12	3	41	0	0	-1	-1	0	0	-1	0
21	15	20	12	3	39	0	0	-1	-1	0	0	-1	0
22	15	19	11	3	38	0	0	-1	-1	0	0	-1	0
23	15	19	11	3	38	0	0	-1	-1	0	0	-1	0
0	16	14	12	3	11	0	0	-1	-1	0	0	-1	0
1	16	14	12	3	11	0	0	-1	-1	0	0	-1	0
2	16	14	12	3	11	0	0	-1	-1	0	0	-1	0
3	16	16	12	3	16	0	0	-1	-1	0	0	-1	0
4	16	17	4	2	27	0	0	-1	-1	0	0	-1	0
5	16	17	4	2	27	0	0	-1	-1	0	0	-1	0
6	16	17	4	2	27	0	0	-1	-1	0	0	-1	0
7	16	18	3	1	37	11	5	-1	-1	0	0	-1	0
8	16	17	4	2	27	0	0	-1	-1	0	0	-1	0
9	16	17	4	2	27	2	0	-1	-1	0	0	-1	0
10	16	18	3	1	37	5	6	-1	-1	1	0	-1	0
11	16	18	3	1	37	2	15	-1	-1	0	0	-1	0
12	16	18	3	1	37	1	10	-1	-1	0	0	-1	0
13	16	18	3	1	37	1	10	-1	-1	0	0	-1	0
14	16	18	3	1	37	1	10	-1	-1	0	0	-1	0
15	16	18	3	1	37	9	9	-1	-1	0	0	-1	0
16	16	17	4	2	27	2	0	-1	-1	0	0	-1	0
17	16	17	4	2	27	0	0	-1	-1	0	0	-1	0
18	16	17	4	2	27	0	0	-1	-1	0	0	-1	0
19	16	17	4	2	27	0	0	-1	-1	0	0	-1	0
20	16	22	12	3	41	0	0	-1	-1	0	0	-1	0
21	16	20	12	3	39	0	0	-1	-1	0	0	-1	0
22	16	19	11	3	38	0	0	-1	-1	0	0	-1	0
23	16	19	11	3	38	0	0	-1	-1	0	0	-1	0
0	17	14	12	3	11	0	0	-1	-1	0	0	-1	0
1	17	14	12	3	11	0	0	-1	-1	0	0	-1	0
2	17	16	12	3	16	0	0	-1	-1	0	0	-1	0
3	17	2	12	3	14	0	0	-1	-1	0	0	-1	0
4	17	17	4	2	27	0	0	-1	-1	0	0	-1	0
5	17	17	4	2	27	2	0	-1	-1	0	0	-1	0
6	17	17	4	2	27	0	0	-1	-1	0	0	-1	0
7	17	18	3	1	37	11	5	-1	-1	0	0	-1	0
8	17	17	4	2	27	0	0	-1	-1	0	0	-1	0
9	17	17	4	2	27	0	0	-1	-1	0	0	-1	0
10	17	17	4	2	27	2	0	-1	-1	0	0	-1	0
11	17	18	3	1	37	11	5	-1	-1	0	0	-1	0
12	17	17	4	2	27	0	0	-1	-1	0	0	-1	0
13	17	17	4	2	27	0	0	-1	-1	0	0	-1	0
14	17	2	12	3	14	0	0	-1	-1	0	0	-1	0
15	17	18	3	1	37	5	6	-1	-1	0	0	-1	0
16	17	18	3	1	37	9	9	-1	-1	0	0	-1	0
17	17	17	4	2	27	0	0	-1	-1	0	0	-1	0
18	17	17	4	2	27	0	0	-1	-1	0	0	-1	0
19	17	17	4	2	27	0	0	-1	-1	0	0	-1	0
20	17	22	12	3	41	0	0	-1	-1	0	0	-1	0
21	17	20	12	3	39	0	0	-1	-1	0	0	-1	0
22	17	19	11	3	38	0	0	-1	-1	0	0	-1	0
23	17	19	11	3	38	0	0	-1	-1	0	0	-1	0
0	18	14	12	3	11	0	0	-1	-1	0	0	-1	0
1	18	14	12	3	11	0	0	-1	-1	0	0	-1	0
2	18	14	12	3	11	0	0	-1	-1	0	0	-1	0
3	18	17	4	2	27	0	0	-1	-1	0	0	-1	0
4	18	17	4	2	27	0	0	-1	-1	0	0	-1	0
5	18	17	4	2	27	0	0	-1	-1	0	0	-1	0
6	18	17	4	2	27	2	0	-1	-1	0	0	-1	0
7	18	18	3	1	37	11	5	-1	-1	0	0	-1	0
8	18	17	4	2	27	0	0	-1	-1	0	0	-1	0
9	18	17	4	2	27	0	0	-1	-1	0	0	-1	0
10	18	17	4	2	27	1	0	-1	-1	0	0	-1	0
11	18	18	3	1	37	5	6	-1	-1	0	0	-1	0
12	18	18	3	1	37	9	9	-1	-1	0	0	-1	0
13	18	17	4	2	27	0	0	-1	-1	0	0	-1	0
14	18	17	4	2	27	0	0	-1	-1	0	0	-1	0
15	18	17	4	2	27	0	0	-1	-1	0	0	-1	0
16	18	18	3	1	37	14	4	-1	-1	0	0	-1	0
17	18	17	4	2	27	1	0	-1	-1	0	0	-1	0
18	18	17	4	2	27	0	0	-1	-1	0	0	-1	0
19	18	17	4	2	27	0	0	-1	-1	0	0	-1	0
20	18	22	12	3	41	0	0	-1	-1	0	0	-1	0
21	18	20	12	3	39	0	0	-1	-1	0	0	-1	0
22	18	19	11	3	38	0	0	-1	-1	0	0	-1	0
23	18	19	11	3	38	0	0	-1	-1	0	0	-1	0
0	19	14	12	3	11	0	0	-1	-1	0	0	-1	0
1	19	14	12	3	11	0	0	-1	-1	0	0	-1	0
2	19	2	12	3	14	0	0	-1	-1	0	0	-1	0
3	19	17	4	2	27	2	0	-1	-1	0	0	-1	0
4	19	17	4	2	27	1	0	-1	-1	0	0	-1	0
5	19	3	12	3	15	0	0	-1	-1	0	0	-1	0
6	19	18	3	1	37	3	3	-1	-1	0	0	-1	0
7	19	18	3	1	37	4	12	-1	-1	0	0	-1	0
8	19	17	4	2	27	0	0	-1	-1	0	0	-1	0
9	19	17	4	2	27	2	0	-1	-1	0	0	-1	0
10	19	3	12	3	15	0	0	-1	-1	0	0	-1	0
11	19	17	4	2	27	2	0	-1	-1	0	0	-1	0
12	19	18	3	1	37	11	5	-1	-1	0	0	-1	0
13	19	17	4	2	27	2	0	-1	-1	0	0	-1	0
14	19	17	4	2	27	0	0	-1	-1	0	0	-1	0
15	19	16	12	3	16	0	0	-1	-1	0	0	-1	0
16	19	17	4	2	27	0	0	-1	-1	0	0	-1	0
17	19	17	4	2	27	0	0	-1	-1	0	0	-1	0
18	19	17	4	2	27	2	0	-1	-1	0	0	-1	0
19	19	17	4	2	27	0	0	-1	-1	0	0	-1	0
20	19	22	12	3	41	0	0	-1	-1	0	0	-1	0
21	19	20	12	3	39	0	0	-1	-1	0	0	-1	0
22	19	19	11	3	38	0	0	-1	-1	0	0	-1	0
23	19	19	11	3	38	0	0	-1	-1	0	0	-1	0
0	20	18	3	1	37	1	10	-1	-1	0	0	-1	0
1	20	18	3	1	37	1	10	-1	-1	0	0	-1	0
2	20	18	3	1	37	1	10	-1	-1	0	0	-1	0
3	20	18	3	1	37	1	10	-1	-1	0	0	-1	0
4	20	18	3	1	37	1	10	-1	-1	0	0	-1	0
5	20	18	3	1	37	1	10	-1	-1	0	0	-1	0
6	20	18	3	1	37	4	12	-1	-1	0	0	-1	0
7	20	17	4	2	27	2	0	-1	-1	0	0	-1	0
8	20	17	4	2	27	0	0	-1	-1	0	0	-1	0
9	20	17	4	2	27	0	0	-1	-1	0	0	-1	0
10	20	17	4	2	27	0	0	-1	-1	0	0	-1	0
11	20	17	4	2	27	0	0	-1	-1	0	0	-1	0
12	20	18	3	1	37	5	6	-1	-1	0	0	-1	0
13	20	18	3	1	37	9	9	-1	-1	0	0	-1	0
14	20	17	4	2	27	1	0	-1	-1	0	0	-1	0
15	20	17	4	2	27	2	0	-1	-1	0	0	-1	0
16	20	17	4	2	27	0	0	-1	-1	0	0	-1	0
17	20	17	4	2	27	0	0	-1	-1	0	0	-1	0
18	20	17	4	2	27	0	0	-1	-1	0	0	-1	0
19	20	17	4	2	27	0	0	-1	-1	0	0	-1	0
20	20	22	12	3	41	0	0	-1	-1	0	0	-1	0
21	20	20	12	3	39	0	0	-1	-1	0	0	-1	0
22	20	19	11	3	38	0	0	-1	-1	0	0	-1	0
23	20	19	11	3	38	0	0	-1	-1	0	0	-1	0
0	21	14	12	3	11	0	0	-1	-1	0	0	-1	0
1	21	15	12	3	13	0	0	-1	-1	0	0	-1	0
2	21	2	12	3	14	0	0	-1	-1	0	0	-1	0
3	21	17	4	2	27	1	0	-1	-1	0	0	-1	0
4	21	17	4	2	27	0	0	-1	-1	0	0	-1	0
5	21	17	4	2	27	2	0	-1	-1	0	0	-1	0
6	21	17	4	2	27	0	0	-1	-1	0	0	-1	0
7	21	17	4	2	27	0	0	-1	-1	0	0	-1	0
8	21	17	4	2	27	0	0	-1	-1	0	0	-1	0
9	21	17	4	2	27	1	0	-1	-1	0	0	-1	0
10	21	17	4	2	27	0	0	-1	-1	0	0	-1	0
11	21	17	4	2	27	0	0	-1	-1	0	0	-1	0
12	21	17	4	2	27	0	0	-1	-1	0	0	-1	0
13	21	18	3	1	37	11	5	-1	-1	0	0	-1	0
14	21	17	4	2	27	0	0	-1	-1	0	0	-1	0
15	21	17	4	2	27	0	0	-1	-1	0	0	-1	0
16	21	17	4	2	27	1	0	-1	-1	0	0	-1	0
17	21	17	4	2	27	0	0	-1	-1	0	0	-1	0
18	21	17	4	2	27	0	0	-1	-1	0	0	-1	0
19	21	17	4	2	27	0	0	-1	-1	0	0	-1	0
20	21	22	12	3	41	0	0	-1	-1	0	0	-1	0
21	21	20	12	3	39	0	0	-1	-1	0	0	-1	0
22	21	19	11	3	38	0	0	-1	-1	0	0	-1	0
23	21	19	11	3	38	0	0	-1	-1	0	0	-1	0
0	22	14	12	3	11	0	0	-1	-1	0	0	-1	0
1	22	14	12	3	11	0	0	-1	-1	0	0	-1	0
2	22	14	12	3	11	0	0	-1	-1	0	0	-1	0
3	22	15	12	3	13	0	0	-1	-1	0	0	-1	0
4	22	14	12	3	11	0	0	-1	-1	0	0	-1	0
5	22	2	12	3	14	0	0	-1	-1	0	0	-1	0
6	22	16	12	3	16	0	0	-1	-1	0	0	-1	0
7	22	16	12	3	16	0	0	-1	-1	0	0	-1	0
8	22	15	12	3	13	0	0	-1	-1	0	0	-1	0
9	22	2	12	3	14	0	0	-1	-1	0	0	-1	0
10	22	16	12	3	16	0	0	-1	-1	0	0	-1	0
11	22	17	4	2	27	1	0	-1	-1	0	0	-1	0
12	22	17	4	2	27	2	0	-1	-1	0	0	-1	0
13	22	18	3	1	37	11	5	-1	-1	0	0	-1	0
14	22	17	4	2	27	2	0	-1	-1	0	0	-1	0
15	22	2	12	3	14	0	0	-1	-1	0	0	-1	0
16	22	16	12	3	16	0	0	-1	-1	0	0	-1	0
17	22	2	12	3	14	0	0	-1	-1	0	0	-1	0
18	22	17	4	2	27	2	0	-1	-1	0	0	-1	0
19	22	17	4	2	27	0	0	-1	-1	0	0	-1	0
20	22	22	12	3	41	0	0	-1	-1	0	0	-1	0
21	22	20	12	3	39	0	0	-1	-1	0	0	-1	0
22	22	19	11	3	38	0	0	-1	-1	0	0	-1	0
23	22	19	11	3	38	0	0	-1	-1	0	0	-1	0
0	23	14	12	3	11	0	0	-1	-1	0	0	-1	0
1	23	14	12	3	11	0	0	-1	-1	0	0	-1	0
2	23	14	12	3	11	0	0	-1	-1	0	0	-1	0
3	23	14	12	3	11	0	0	-1	-1	0	0	-1	0
4	23	14	12	3	11	0	0	-1	-1	0	0	-1	0
5	23	14	12	3	11	0	0	-1	-1	0	0	-1	0
6	23	14	12	3	11	0	0	-1	-1	0	0	-1	0
7	23	14	12	3	11	0	0	-1	-1	0	0	-1	0
8	23	14	12	3	11	0	0	-1	-1	0	0	-1	0
9	23	14	12	3	11	0	0	-1	-1	0	0	-1	0
10	23	14	12	3	11	0	0	-1	-1	0	0	-1	0
11	23	15	12	3	13	0	0	-1	-1	0	0	-1	0
12	23	2	12	3	14	0	0	-1	-1	0	0	-1	0
13	23	18	3	1	37	11	5	-1	-1	0	0	-1	0
14	23	14	12	3	11	0	0	-1	-1	0	0	-1	0
15	23	14	12	3	11	0	0	-1	-1	0	0	-1	0
16	23	14	12	3	11	0	0	-1	-1	0	0	-1	0
17	23	14	12	3	11	0	0	-1	-1	0	0	-1	0
18	23	2	12	3	14	0	0	-1	-1	0	0	-1	0
19	23	17	4	2	27	1	0	-1	-1	0	0	-1	0
20	23	22	12	3	41	0	0	-1	-1	0	0	-1	0
21	23	20	12	3	39	0	0	-1	-1	0	0	-1	0
22	23	19	11	3	38	0	0	-1	-1	0	0	-1	0
23	23	19	11	3	38	0	0	-1	-1	0	0	-1	0
